anime_id,name,genre,type,episodes,rating
32281,Kimi no Na wa.,"['Drama', ' Romance', ' School', ' Supernatural']",Movie,1,9.37
5114,Fullmetal Alchemist: Brotherhood,"['Action', ' Comedy', ' Historical', ' Parody', ' Samurai', ' Sci-Fi', ' Shounen']",Movie,1,9.10
28977,Gintama,"['Drama', ' School', ' Shounen']",Movie,1,9.05
9253,SteinsGate,"['Adventure', ' Drama', ' Supernatural']",Movie,1,8.93
9969,Gintama,"['Fantasy', ' Slice of Life']",Movie,1,8.84
32935,Haikyuu!!: Karasuno Koukou VS Shiratorizawa Gakuen Koukou,"['Action', ' Adventure', ' Fantasy']",Movie,1,8.81
11061,Hunter x Hunter (2011),"['Comedy', ' Mystery', ' Romance', ' School', ' Sci-Fi', ' Supernatural']",Movie,1,8.81
820,Ginga Eiyuu Densetsu,"['Adventure', ' Fantasy', ' Historical', ' Mystery', ' Seinen', ' Slice of Life', ' Supernatural']",Movie,1,8.75
15335,Gintama Movie: Kanketsu-hen - Yorozuya yo Eien Nare,"['Adventure', ' Drama', ' Fantasy', ' Romance']",Movie,1,8.74
15417,Gintama: Enchousen,"['Action', ' Mystery', ' Supernatural', ' Vampire']",Movie,1,8.73
4181,Clannad: After Story,"['Action', ' Drama', ' Mystery', ' Romance', ' Supernatural', ' Thriller']",Movie,1,8.68
28851,Koe no Katachi,"['Action', ' Mecha', ' Sci-Fi', ' Space', ' Super Power']",Movie,1,8.64
918,Gintama,"['Sci-Fi', ' Thriller']",Movie,1,8.61
2904,Code Geass: Hangyaku no Lelouch R2,"['Drama', ' Romance', ' Shoujo', ' Supernatural']",Movie,1,8.61
28891,Haikyuu!! Second Season,"['Action', ' Comedy', ' Historical', ' Parody', ' Samurai', ' Sci-Fi', ' Shounen']",Movie,2,8.60
199,Sen to Chihiro no Kamikakushi,"['Action', ' Comedy', ' Historical', ' Parody', ' Samurai', ' Sci-Fi', ' Shounen']",Movie,1,8.59
23273,Shigatsu wa Kimi no Uso,"['Adventure', ' Supernatural']",Movie,1,8.58
24701,Mushishi Zoku Shou 2nd Season,"['Drama', ' Historical']",Movie,1,8.58
12355,Ookami Kodomo no Ame to Yuki,"['Action', ' Mystery', ' Romance', ' Supernatural', ' Thriller']",Movie,1,8.57
1575,Code Geass: Hangyaku no Lelouch,"['Military', ' School']",Movie,1,8.55
263,Hajime no Ippo,"['Romance', ' School', ' Shounen Ai', ' Slice of Life']",Movie,1,8.53
44,Rurouni Kenshin: Meiji Kenkaku Romantan - Tsuioku-hen,"['Action', ' Mecha', ' Sci-Fi']",Movie,1,8.53
1,Cowboy Bebop,"['Drama', ' Magic', ' Psychological', ' Thriller']",Movie,1,8.50
30276,One Punch Man,"['Drama', ' Magic', ' Psychological', ' Thriller']",Movie,1,8.49
164,Mononoke Hime,"['Adventure', ' Comedy', ' Supernatural']",Movie,1,8.48
7311,Suzumiya Haruhi no Shoushitsu,"['Adventure', ' Fantasy']",Movie,1,8.47
17074,Monogatari Series: Second Season,"['Mystery', ' Supernatural', ' Vampire']",Movie,1,8.45
21939,Mushishi Zoku Shou,"['Dementia', ' Drama', ' Mecha', ' Psychological', ' Sci-Fi']",Movie,1,8.45
457,Mushishi,"['Adventure', ' Drama', ' Romance', ' Sci-Fi']",Movie,1,8.44
2001,Tengen Toppa Gurren Lagann,"['Action', ' Adventure', ' Historical', ' Samurai']",Movie,1,8.43
245,Great Teacher Onizuka,"['Adventure', ' Mystery', ' Police', ' Shounen']",Movie,1,8.42
32983,Natsume Yuujinchou Go,"['Action', ' Adventure', ' Comedy', ' Drama', ' Fantasy', ' Shounen']",Movie,1,8.42
5258,Hajime no Ippo: New Challenger,"['Action', ' Drama', ' Mystery', ' Sci-Fi', ' Space']",Movie,1,8.40
28957,Mushishi Zoku Shou: Suzu no Shizuku,"['Action', ' Adventure', ' Comedy', ' Drama', ' Fantasy', ' Shounen']",Movie,1,8.39
11665,Natsume Yuujinchou Shi,"['Action', ' Mystery', ' Police', ' Shounen']",Movie,1,8.38
431,Howl no Ugoku Shiro,"['Adventure', ' Fantasy', ' Romance', ' Sci-Fi']",Movie,1,8.38
11741,Fate/Zero 2nd Season,"['Fantasy', ' Historical']",Movie,1,8.37
31757,Kizumonogatari II: Nekketsu-hen,"['Drama', ' Psychological', ' Romance', ' Slice of Life']",Movie,1,8.35
19,Monster,"['Fantasy', ' Slice of Life', ' Supernatural']",Movie,1,8.35
12365,Bakuman. 3rd Season,"['Drama', ' Mystery', ' Psychological']",Movie,1,8.35
1535,Death Note,"['Action', ' Mecha', ' Police', ' Psychological', ' Sci-Fi', ' Seinen']",Movie,1,8.34
32366,Gintama°: Aizome Kaori-hen,"['Comedy', ' Music', ' Slice of Life']",Movie,1,8.34
30654,Ansatsu Kyoushitsu (TV) 2nd Season,"['Action', ' Comedy', ' Drama', ' Magic', ' Super Power']",Movie,1,8.34
20583,Haikyuu!!,"['Action', ' Adventure', ' Drama', ' Fantasy', ' Historical', ' Romance']",Movie,1,8.34
19647,Hajime no Ippo: Rising,"['Action', ' Adventure', ' Demons', ' Drama', ' Fantasy', ' Horror', ' Military', ' Seinen', ' Supernatural']",Movie,1,8.33
4282,Kara no Kyoukai 5: Mujun Rasen,"['Action', ' Cars', ' Sci-Fi', ' Sports']",Movie,1,8.33
10379,Natsume Yuujinchou San,"['Action', ' Mystery', ' Police', ' Shounen']",Movie,1,8.32
22135,Ping Pong The Animation,"['Drama', ' Romance', ' School']",Movie,1,8.32
21329,Mushishi Special: Hihamukage,"['Adventure', ' Drama', ' Fantasy', ' Romance', ' Slice of Life']",Movie,1,8.32
31043,Boku dake ga Inai Machi,"['Action', ' Adventure', ' Comedy', ' Drama', ' Fantasy', ' Shounen']",Movie,1,8.32
7785,Yojouhan Shinwa Taikei,"['Comedy', ' Drama']",Movie,1,8.32
3297,Aria The Origination,"['Drama', ' Magic', ' Psychological', ' Thriller']",Movie,1,8.31
30709,Kamisama Hajimemashita: Kako-hen,"['Comedy', ' Sci-Fi']",Movie,1,8.30
6114,Rainbow: Nisha Rokubou no Shichinin,"['Action', ' Mystery', ' Police', ' Shounen']",Movie,1,8.29
31240,Re:Zero kara Hajimeru Isekai Seikatsu,"['Comedy', ' Drama', ' Fantasy', ' Magic', ' Romance', ' Shoujo']",Movie,1,8.28
4565,Tengen Toppa Gurren Lagann Movie: Lagann-hen,"['Adventure', ' Comedy', ' Drama', ' Fantasy', ' Magic', ' Romance']",Movie,1,8.27
5300,Zoku Natsume Yuujinchou,"['Sci-Fi', ' Slice of Life']",Movie,1,8.26
9989,Ano Hi Mita Hana no Namae wo Bokutachi wa Mada Shiranai.,"['Adventure', ' Comedy', ' Mystery', ' Police', ' Shounen']",Movie,1,8.25
24415,Kuroko no Basket 3rd Season,"['Drama', ' Historical', ' Romance']",Movie,1,8.24
11577,Steins Gate Movie: Fuka Ryouiki no deja� vu,"['Adventure', ' Comedy', ' Mystery', ' Police', ' Shounen']",Movie,1,8.23
10408,Hotarubi no Mori e,"['Dementia', ' Drama', ' Horror', ' Psychological']",Movie,1,8.23
28171,Shokugeki no Souma,"['Sci-Fi', ' Seinen']",Movie,1,8.23
32995,Yuri!!! on Ice,"['Action', ' Comedy', ' Mecha']",Movie,1,8.22
21899,Gintama: Yorinuki Gintama-san on Theater 2D,"['Adventure', ' Comedy', ' Mystery', ' Police', ' Shounen']",Movie,1,8.21
26055,JoJo no Kimyou na Bouken: Stardust Crusaders 2nd Season,"['Action', ' Mecha', ' Sci-Fi']",Movie,1,8.21
7472,Gintama Movie: Shinyaku Benizakura-hen,"['Action', ' Drama', ' Military', ' Sci-Fi', ' Space']",Movie,1,8.21
777,Hellsing Ultimate,"['Action', ' Drama', ' Mystery', ' Supernatural', ' Thriller']",Movie,1,8.21
22535,Kiseijuu: Sei no Kakuritsu,"['Adventure', ' Comedy', ' Shounen']",Movie,1,8.20
28735,Shouwa Genroku Rakugo Shinjuu,"['Comedy', ' Drama', ' Romance', ' Shounen Ai']",Movie,1,8.20
12431,Uchuu Kyoudai,"['Drama', ' Slice of Life', ' Supernatural']",Movie,1,8.19
28805,Bakemono no Ko,"['Music', ' School', ' Slice of Life']",Movie,1,8.18
578,Hotaru no Haka,"['Action', ' Mystery', ' Police', ' Shounen']",Movie,1,8.17
16894,Kuroko no Basket 2nd Season,"['Action', ' Fantasy', ' Seinen', ' Supernatural']",Movie,1,8.17
5028,Major S5,"['Adventure', ' Comedy', ' Mystery', ' Police', ' Shounen']",Movie,1,8.16
21,One Piece,"['Adventure', ' Comedy', ' Mystery', ' Police', ' Shounen']",Movie,1,8.16
801,Ghost in the Shell: Stand Alone Complex 2nd GIG,"['Action', ' Shounen', ' Sports']",Movie,1,8.16
31933,JoJo no Kimyou na Bouken: Diamond wa Kudakenai,"['Comedy', ' Romance', ' Slice of Life']",Movie,1,8.16
5205,Kara no Kyoukai 7: Satsujin Kousatsu (Kou),"['Action', ' Adventure', ' Horror', ' Military', ' Sci-Fi', ' Supernatural']",Movie,1,8.15
17389,Kingdom 2nd Season,"['School', ' Slice of Life', ' Sports']",Movie,1,8.15
170,Slam Dunk,"['Fantasy', ' Horror', ' Mystery', ' Psychological', ' Sci-Fi', ' Thriller']",Movie,1,8.15
10162,Usagi Drop,"['Comedy', ' Romance', ' Shounen Ai']",Movie,1,8.14
18617,Girls und Panzer der Film,"['Adventure', ' Comedy', ' Mystery', ' Police', ' Shounen']",Movie,1,8.13
32182,Mob Psycho 100,"['Action', ' Adventure', ' Comedy', ' Drama']",Movie,1,8.13
877,Nana,"['Drama', ' Mystery', ' Seinen', ' Supernatural']",Movie,1,8.13
2251,Baccano!,"['Action', ' Adventure', ' Fantasy', ' Kids']",Movie,1,8.13
24687,Mushishi Zoku Shou: Odoro no Michi,"['Action', ' Sci-Fi', ' Seinen']",Movie,1,8.12
16498,Shingeki no Kyojin,"['Action', ' Mecha', ' Police', ' Psychological', ' Sci-Fi', ' Seinen']",Movie,1,8.12
10030,Bakuman. 2nd Season,"['Comedy', ' Kids', ' Sci-Fi', ' Shounen']",Movie,1,8.12
5941,Cross Game,"['Comedy', ' Drama', ' Slice of Life']",Movie,1,8.10
30346,Doukyuusei (Movie),"['Action', ' Adventure', ' Psychological', ' Supernatural']",Movie,1,8.11
3784,Evangelion: 2.0 You Can (Not) Advance,"['Drama', ' Romance', ' Slice of Life']",Movie,3,8.10
13125,Shinsekai yori,"['Action', ' Adventure', ' Demons', ' Drama', ' Fantasy', ' Horror', ' Military', ' Seinen', ' Supernatural']",Movie,1,8.09
12029,Uchuu Senkan Yamato 2199,"['Action', ' Historical', ' Military', ' Sci-Fi', ' Space']",Movie,1,8.09
14397,Chihayafuru 2,"['Action', ' Mecha', ' Military', ' Music', ' Romance', ' Sci-Fi', ' Space']",Movie,1,8.09
10087,Fate/Zero,"['Action', ' Comedy', ' Sci-Fi']",Movie,1,8.08
14719,JoJo no Kimyou na Bouken (TV),"['Drama', ' Slice of Life', ' Supernatural']",Movie,1,8.06
9756,Mahou Shoujo Madoka★Magica,"['Action', ' Mecha', ' Military', ' Music', ' Romance', ' Sci-Fi', ' Space']",Movie,1,8.06
10165,Nichijou,"['Drama', ' Historical']",Movie,1,8.05
13601,Psycho-Pass,"['Action', ' Mystery', ' Supernatural', ' Thriller']",Movie,1,8.05
22789,Barakamon,"['Action', ' Comedy', ' Mystery', ' Shounen']",Movie,1,8.05
30230,Diamond no Ace: Second Season,"['Drama', ' Game', ' Mystery', ' Psychological', ' Thriller']",Movie,1,8.04
18115,Magi: The Kingdom of Magic,"['Action', ' Comedy', ' Drama', ' Magic', ' Super Power']",Movie,1,8.04
11981,Mahou Shoujo Madoka★Magica Movie 3: Hangyaku no Monogatari,"['Comedy', ' Drama', ' Mystery', ' Psychological', ' Supernatural']",Movie,1,8.04
11917,Major: World Series,"['Action', ' Comedy', ' Martial Arts', ' Shounen', ' Super Power']",Movie,1,8.03
205,Samurai Champloo,"['Historical', ' Romance', ' School', ' Shoujo']",Movie,1,8.03
32282,Shokugeki no Souma: Ni no Sara,"['Action', ' Adventure', ' Comedy', ' Drama', ' Historical', ' Military', ' Romance']",Movie,1,8.03
6594,Katanagatari,"['Action', ' Drama', ' Historical', ' Josei', ' Samurai', ' Supernatural']",Movie,1,8.03
11979,Mahou Shoujo Madoka★Magica Movie 2: Eien no Monogatari,"['Action', ' Mystery', ' Romance', ' Supernatural', ' Thriller']",Movie,1,8.02
7655,Major S6,"['Action', ' Comedy', ' Mystery', ' Super Power']",Movie,1,8.01
2246,Mononoke,"['Adventure', ' Comedy', ' Mystery', ' Police', ' Shounen']",Movie,1,8.00
25835,Shirobako,"['Adventure', ' Comedy', ' Fantasy', ' Magic', ' School']",Movie,1,8.00
2921,Ashita no Joe 2,"['Action', ' Fantasy', ' Mecha', ' Military', ' Shounen']",Movie,1,7.99
136,Hunter x Hunter,"['Comedy', ' Drama', ' Slice of Life']",Movie,1,7.99
30503,Noragami Aragoto,"['Drama', ' Historical']",Movie,1,7.99
12531,Sakamichi no Apollon,"['Adventure', ' Comedy', ' Mystery', ' Police', ' Shounen']",Movie,1,7.98
523,Tonari no Totoro,"['Adventure', ' Comedy', ' Mystery', ' Police', ' Shounen']",Movie,1,7.98
467,Ghost in the Shell: Stand Alone Complex,"['Action', ' Cars', ' Drama', ' Seinen', ' Sports']",Movie,1,7.98
572,Kaze no Tani no Nausicaä,"['Adventure', ' Drama', ' Fantasy']",Movie,1,7.98
19815,No Game No Life,"['Adventure', ' Drama', ' Fantasy', ' Kids']",Movie,1,7.97
2559,Romeo no Aoi Sora,"['Comedy', ' Seinen', ' Slice of Life']",Movie,1,7.97
392,Yuu☆Yuu☆Hakusho,"['Action', ' Comedy', ' Military', ' Romance']",Movie,1,7.96
486,Kino no Tabi: The Beautiful World,"['Action', ' Mecha', ' Military', ' Shounen']",Movie,1,7.96
11771,Kuroko no Basket,"['Action', ' Military', ' Police', ' Sci-Fi']",Movie,1,7.95
1698,Nodame Cantabile,"['Action', ' Drama', ' Fantasy', ' Horror', ' Romance', ' Sci-Fi', ' Vampire']",Movie,1,7.95
5341,Ookami to Koushinryou II,"['Action', ' Fantasy', ' Mecha', ' Military', ' Shounen']",Movie,1,7.94
25781,Shingeki no Kyojin: Kuinaki Sentaku,"['Adventure', ' Comedy', ' Mystery', ' Police', ' Shounen']",Movie,1,7.94
10863,Steins Gate: Oukoubakko no Poriomania,"['Adventure', ' Comedy', ' Mystery', ' Police', ' Shounen']",Movie,1,7.94
28701,Fate/stay night: Unlimited Blade Works 2nd Season,"['Action', ' Fantasy', ' Super Power']",Movie,1,7.94
5420,Kemono no Souja Erin,"['Action', ' Drama', ' Historical', ' Josei', ' Samurai', ' Supernatural']",Movie,1,7.94
9260,Kizumonogatari I: Tekketsu-hen,"['Action', ' Super Power', ' Supernatural']",Movie,1,7.94
32,Neon Genesis Evangelion: The End of Evangelion,"['Action', ' Drama', ' Mecha', ' Military', ' Sci-Fi', ' Space']",Movie,1,7.94
4224,Toradora!,"['Adventure', ' Fantasy']",Movie,1,7.93
2236,Toki wo Kakeru Shoujo,"['Mecha', ' Military', ' Police', ' Psychological', ' Sci-Fi']",Movie,1,7.93
2685,Tsubasa: Tokyo Revelations,"['Comedy', ' Drama', ' School', ' Shounen', ' Sports']",Movie,1,7.94
31181,Owarimonogatari,"['Action', ' Mecha', ' Military', ' Music', ' Romance', ' Sci-Fi', ' Space']",Movie,1,7.93
45,Rurouni Kenshin: Meiji Kenkaku Romantan,"['Action', ' Mecha']",Movie,1,7.93
2418,Stranger: Mukou Hadan,"['Action', ' Drama', ' Military', ' Sci-Fi', ' Space']",Movie,1,7.93
1365,Detective Conan Movie 06: The Phantom of Baker Street,"['Mecha', ' Military', ' Mystery', ' Police', ' Sci-Fi', ' Seinen']",Movie,1,7.91
22297,Fate/stay night: Unlimited Blade Works,"['Drama', ' Historical']",Movie,1,7.92
627,Major S1,"['Adventure', ' Comedy', ' Fantasy', ' Magic', ' School']",Movie,1,7.92
10937,Mobile Suit Gundam: The Origin,"['Action', ' Cars', ' Seinen', ' Sports']",Movie,1,7.92
23755,Nanatsu no Taizai,"['Action', ' Adventure', ' Demons', ' Fantasy', ' Military', ' Seinen', ' Supernatural']",Movie,1,7.91
4081,Natsume Yuujinchou,"['Adventure', ' Drama', ' Fantasy']",Movie,1,7.91
4155,One Piece Film: Strong World,"['Action', ' Adventure', ' Comedy', ' Drama', ' Seinen']",Movie,1,7.91
1889,Higurashi no Naku Koro ni Kai,"['Action', ' Drama', ' Mecha', ' Military', ' Sci-Fi', ' Space']",Movie,1,7.92
137,Hunter x Hunter OVA,"['Adventure', ' Comedy', ' Drama', ' Fantasy']",Movie,1,7.90
139,Hunter x Hunter: Greed Island Final,"['Drama', ' Mecha', ' Sci-Fi', ' Space']",Movie,1,7.90
23317,Kuroshitsuji: Book of Murder,"['Cars', ' Seinen', ' Sports']",Movie,1,7.90
558,Major S2,"['Action', ' Fantasy', ' Seinen', ' Supernatural']",Movie,1,7.90
5040,One Outs,"['Adventure', ' Comedy', ' Demons', ' Drama', ' Fantasy', ' Historical', ' Romance', ' Shounen', ' Supernatural']",Movie,1,7.89
57,Beck,"[' Yakusoku no Basho', 'Drama', ' Military', ' Romance', ' Sci-Fi']",Movie,1,7.89
33,Berserk,"['Action', ' Adventure', ' Drama', ' Mecha', ' Military', ' Sci-Fi', ' Space']",Movie,1,7.89
5,Cowboy Bebop: Tengoku no Tobira,"['Action', ' Adventure', ' Comedy', ' Drama', ' Romance', ' Sci-Fi']",Movie,1,7.89
1842,Major S3,"['Action', ' Demons', ' Fantasy', ' Shounen', ' Supernatural']",Movie,1,7.88
6336,Mobile Suit Gundam Unicorn,"['Adventure', ' Comedy', ' Dementia', ' Psychological', ' Romance']",Movie,1,7.88
20651,Natsume Yuujinchou: Itsuka Yuki no Hi ni,"['Comedy', ' Drama', ' Slice of Life']",Movie,1,7.88
1210,NHK ni Youkoso!,"['Action', ' Martial Arts', ' Romance', ' Shounen', ' Super Power']",Movie,1,7.88
338,Rose of Versailles,"['Action', ' Mecha', ' Military']",Movie,1,7.87
13759,Sakurasou no Pet na Kanojo,"['Drama', ' Military', ' Police', ' Psychological', ' Romance']",Movie,1,7.87
6547,Angel Beats!,"['Adventure', ' Drama', ' Fantasy']",Movie,1,7.87
5081,Bakemonogatari,"['Adventure', ' Comedy', ' Drama', ' Music', ' School', ' Seinen']",Movie,1,7.87
32867,Bungou Stray Dogs 2nd Season,"['Comedy', ' Drama', ' Ecchi', ' Harem', ' Romance', ' Sci-Fi', ' Shounen', ' Supernatural']",Movie,1,7.87
264,Hajime no Ippo: Champion Road,"['Action', ' Fantasy', ' Mecha', ' Military', ' Shounen']",Movie,1,7.86
12859,One Piece Film: Z,"['Adventure', ' Comedy', ' Mystery', ' Police', ' Shounen', ' Sports']",Movie,1,7.86
853,Ouran Koukou Host Club,"['Drama', ' Historical']",Movie,1,7.86
5460,Detective Conan Movie 13: The Raven Chaser,"['Comedy', ' Drama', ' Slice of Life']",Movie,1,7.85
6746,Durarara!!,"['Action', ' Horror', ' Mystery', ' Seinen', ' Supernatural']",Movie,1,7.84
5690,Nodame Cantabile Finale,"['Adventure', ' Comedy', ' Mystery', ' Police', ' Shounen']",Movie,1,7.84
329,Planetes,"['Drama', ' Horror', ' Psychological', ' Sci-Fi']",Movie,3,7.84
34240,Shelter,"['Action', ' Adventure', ' Martial Arts', ' Shounen', ' Super Power']",Movie,1,7.84
513,Tenkuu no Shiro Laputa,"['Comedy', ' Drama', ' Shounen', ' Sports']",Movie,1,7.84
6945,Gintama: Shiroyasha Koutan,"['Drama', ' Mecha', ' Mystery', ' Police', ' Sci-Fi']",Movie,1,7.83
1142,Hachimitsu to Clover II,"['Action', ' Fantasy', ' Seinen', ' Supernatural']",Movie,1,7.83
6811,InuYasha: Kanketsu-hen,"['Action', ' Mecha', ' Military', ' Shounen']",Movie,1,7.82
16664,Kaguya-hime no Monogatari,"['Adventure', ' Comedy', ' Kids', ' Mystery', ' Police', ' Shounen']",Movie,1,7.82
1604,Katekyo Hitman Reborn!,"['Action', ' Adventure', ' Mecha', ' Military', ' Romance', ' Sci-Fi', ' Space']",Movie,1,7.82
22145,Kuroshitsuji: Book of Circus,"['Adventure', ' Comedy', ' Kids', ' Sci-Fi']",Movie,1,7.81
2966,Ookami to Koushinryou,"['Adventure', ' Fantasy', ' Romance']",Movie,1,7.81
31964,Boku no Hero Academia,"['Action', ' Mystery', ' Supernatural', ' Thriller']",Movie,1,7.81
19363,Gin no Saji 2nd Season,"['Comedy', ' Drama', ' Romance', ' Shounen', ' Slice of Life']",Movie,1,7.81
18195,Little Busters!: Refrain,"['Drama', ' Mecha', ' Military', ' Sci-Fi', ' Space']",Movie,1,7.81
9890,Major: Message,"['Comedy', ' Drama', ' School', ' Shounen', ' Sports']",Movie,1,7.81
9130,Saint Seiya: The Lost Canvas - Meiou Shinwa 2,"['Music', ' School', ' Shoujo', ' Slice of Life']",Movie,1,7.79
9863,SKET Dance,"['Action', ' Fantasy', ' Mecha', ' Military', ' Shounen']",Movie,1,7.79
7674,Bakuman.,"['Comedy', ' Ecchi', ' Kids', ' School', ' Shounen', ' Slice of Life']",Movie,1,7.79
11843,Danshi Koukousei no Nichijou,"['Comedy', ' Mystery', ' Romance']",Movie,1,7.79
16782,Kotonoha no Niwa,"['Cars', ' Seinen', ' Sports']",Movie,1,7.79
28675,Kyoukai no Kanata Movie: ll Be Here - Mirai-hen,"['Action', ' Adventure', ' Fantasy', ' Magic', ' Military']",Movie,1,7.79
3226,Major S4,"['Adventure', ' Military', ' Romance']",Movie,1,7.79
21557,Omoide no Marnie,"['Action', ' Super Power', ' Supernatural']",Movie,1,7.79
31715,Working!!!: Lord of the Takanashi,"['Drama', ' Magic', ' Romance', ' Shoujo']",Movie,1,7.78
43,Ghost in the Shell,"['Action', ' Comedy', ' Drama', ' Mystery', ' Romance', ' Thriller']",Movie,1,7.78
9617,K-On! Movie,"['Drama', ' Supernatural']",Movie,1,7.78
31051,Kuroko no Basket: Saikou no Present Desu,"['Comedy', ' Drama', ' School', ' Shounen', ' Slice of Life', ' Sports']",Movie,1,7.78
10153,Mahou Shoujo Lyrical Nanoha: The Movie 2nd As,"['Action', ' Adventure', ' Comedy', ' Drama']",Movie,1,7.77
1033,Sennen Joyuu,"['Action', ' Adventure', ' Horror', ' Shounen', ' Vampire']",Movie,1,7.77
32188,Steins Gate: Kyoukaimenjou no Missing Link - Divide By Zero,"['Adventure', ' Comedy', ' Fantasy', ' Shounen']",Movie,1,7.77
3091,xxxHOLiC Kei,"['Action', ' Historical', ' Martial Arts', ' Samurai', ' Super Power']",Movie,1,7.77
12115,Berserk: Ougon Jidai-hen III - Kourin,"['Adventure', ' Comedy', ' Drama', ' Fantasy', ' Magic', ' Romance', ' Shoujo']",Movie,1,7.76
28223,Death Parade,"['Action', ' Mystery', ' Police', ' Shounen']",Movie,1,7.77
121,Fullmetal Alchemist,"['Adventure', ' Drama', ' Fantasy', ' Sci-Fi', ' Space']",Movie,1,7.76
3002,Gyakkyou Burai Kaiji: Ultimate Survivor,"['Action', ' Adventure', ' Comedy', ' Fantasy', ' Shounen', ' Super Power']",Movie,1,7.76
138,Hunter x Hunter: Greed Island,"['Action', ' Super Power', ' Supernatural']",Movie,1,7.76
6675,Redline,"['Action', ' Comedy', ' Shounen', ' Super Power', ' Supernatural']",Movie,1,7.75
10800,Chihayafuru,"['Adventure', ' Demons', ' Drama', ' Fantasy', ' Historical', ' Romance', ' Shounen', ' Supernatural']",Movie,1,7.75
32005,Detective Conan Movie 20: The Darkest Nightmare,"['Action', ' Mystery', ' Romance', ' Super Power', ' Thriller']",Movie,1,7.75
813,Dragon Ball Z,"['Action', ' Fantasy', ' Supernatural']",Movie,1,7.75
27821,Fate/stay night: Unlimited Blade Works - Prologue,"['Action', ' Drama', ' Fantasy', ' Shounen', ' Super Power']",Movie,1,7.75
28725,Kokoro ga Sakebitagatterunda.,"['Comedy', ' Drama', ' Fantasy', ' Magic', ' Shoujo']",Movie,1,7.74
585,Mimi wo Sumaseba,"['Comedy', ' Drama', ' Fantasy', ' Historical', ' Military', ' Shounen']",Movie,1,7.74
16067,Nagi no Asukara,"['Romance', ' Sci-Fi', ' Shoujo']",Movie,1,7.74
30,Neon Genesis Evangelion,"['Fantasy', ' Kids', ' Magic', ' Shoujo']",Movie,1,7.74
31490,One Piece Film: Gold,"['Comedy', ' Drama', ' Mystery', ' Romance', ' Slice of Life', ' Thriller']",Movie,1,7.74
759,Tokyo Godfathers,"['Adventure', ' Comedy', ' Fantasy', ' Kids']",Movie,1,7.74
6,Trigun,"['Action', ' Fantasy', ' Seinen', ' Supernatural']",Movie,1,7.74
6864,xxxHOLiC Rou,"['Mystery', ' Supernatural']",Movie,1,7.74
9735,Gintama: Shinyaku Benizakura-hen,"['Adventure', ' Comedy', ' Fantasy', ' Kids', ' Shounen']",Movie,1,7.73
11977,Mahou Shoujo Madoka★Magica Movie 1: Hajimari no Monogatari,"['Action', ' Comedy', ' School', ' Shounen']",Movie,1,7.72
11123,Sekaiichi Hatsukoi 2,"['Adventure', ' Comedy', ' Fantasy', ' Sci-Fi', ' Shounen']",Movie,1,7.72
23847,Yahari Ore no Seishun Love Comedy wa Machigatteiru. Zoku,"['Action', ' Magic', ' Mystery', ' Romance', ' Supernatural', ' Thriller']",Movie,1,7.72
33161,Yahari Ore no Seishun Love Comedy wa Machigatteiru. Zoku OVA,"['Action', ' Drama', ' Military', ' Sci-Fi', ' Space']",Movie,1,7.72
962,Aria The Natural,"['Action', ' Super Power', ' Supernatural']",Movie,1,7.72
1519,Black Lagoon: The Second Barrage,"['Action', ' Adventure', ' Comedy', ' Drama', ' Romance', ' Sci-Fi']",Movie,1,7.72
2167,Clannad,"['Action', ' Mecha', ' Sci-Fi']",Movie,1,7.71
16706,Kami nomi zo Shiru Sekai: Megami-hen,"['Sci-Fi', ' Shounen', ' Sports']",Movie,1,7.71
5681,Summer Wars,"['Drama', ' Historical']",Movie,1,7.71
3901,Baccano! Specials,"['Action', ' Magic', ' Sci-Fi', ' Super Power']",Movie,1,7.71
6467,Detective Conan Movie 14: The Lost Ship in the Sky,"['Action', ' Adventure', ' Comedy', ' Fantasy', ' Magic', ' Shounen']",Movie,1,7.70
10271,Gyakkyou Burai Kaiji: Hakairoku-hen,"['Action', ' Drama', ' Fantasy', ' Sci-Fi']",Movie,1,7.70
22507,Initial D Final Stage,"['Mecha', ' Police', ' Psychological', ' Sci-Fi']",Movie,1,7.70
3701,Kaiba,"['Action', ' Drama', ' Fantasy', ' Shounen', ' Super Power']",Movie,1,7.70
19123,One Piece: Episode of Merry - Mou Hitori no Nakama no Monogatari,"['Action', ' Ecchi', ' Magic', ' Military', ' Sci-Fi']",Movie,1,7.70
33255,Saiki Kusuo no Ψ-nan (TV),"['Action', ' Adventure', ' Drama', ' Sci-Fi', ' Space']",Movie,1,7.70
372,Cardcaptor Sakura Movie 2: Fuuin Sareta Card,"['Adventure', ' Comedy', ' Demons', ' Drama', ' Fantasy', ' Historical', ' Romance', ' Shounen', ' Super Power']",Movie,1,7.69
265,Hajime no Ippo: Mashiba vs. Kimura,"['School', ' Shounen', ' Sports']",Movie,1,7.69
25681,Kamisama Hajimemashita◎,"['Comedy', ' Drama', ' School', ' Shounen', ' Slice of Life', ' Sports']",Movie,1,7.69
4722,Skip Beat!,"['Comedy', ' Drama', ' Slice of Life']",Movie,1,7.69
24277,Yowamushi Pedal: Grande Road,"['Comedy', ' Drama', ' Romance', ' School', ' Supernatural']",Movie,1,7.67
239,Gankutsuou,"['Action', ' Mecha', ' Police', ' Psychological', ' Sci-Fi']",Movie,1,7.67
512,Majo no Takkyuubin,"['Adventure', ' Fantasy', ' Historical', ' Horror', ' Romance', ' Shounen', ' Supernatural']",Movie,1,7.67
4477,Nodame Cantabile: Paris-hen,"['Action', ' Comedy', ' Shounen', ' Super Power', ' Supernatural']",Movie,1,7.66
15323,One Piece: Episode of Nami - Koukaishi no Namida to Nakama no Kizuna,"['Action', ' Mecha', ' Military', ' Sci-Fi']",Movie,1,7.66
31174,Osomatsu-san,"['Adventure', ' Comedy', ' Mystery', ' Police', ' Shounen']",Movie,1,7.66
23327,Space☆Dandy 2nd Season,"['Action', ' Adventure', ' Comedy', ' Drama']",Movie,1,7.66
3702,Detroit Metal City,"['Comedy', ' Sci-Fi', ' Shounen']",Movie,1,7.66
3167,Eve no Jikan,"['Action', ' Adventure', ' Comedy', ' Drama', ' Fantasy', ' Kids']",Movie,1,7.66
7465,Eve no Jikan (Movie),"['Comedy', ' Drama', ' School', ' Shounen', ' Slice of Life', ' Sports']",Movie,1,7.66
7054,Kaichou wa Maid-sama!,"['Comedy', ' Drama', ' Music']",Movie,1,7.66
1257,Saint Seiya: Meiou Hades Juuni Kyuu-hen,"['Comedy', ' Magic', ' Romance', ' Seinen', ' Supernatural']",Movie,1,7.65
23283,Zankyou no Terror,"['Adventure', ' Comedy', ' Fantasy']",Movie,1,7.65
2025,Darker than Black: Kuro no Keiyakusha,"['Adventure', ' Shounen']",Movie,1,7.65
235,Detective Conan,"['Fantasy', ' Magic']",Movie,1,7.65
1364,Detective Conan Movie 05: Countdown to Heaven,"[' Kiseki no Sakura', 'Action', ' Adventure', ' Comedy', ' Fantasy', ' Shounen', ' Super Power']",Movie,1,7.65
18689,Diamond no Ace,"['Drama', ' Historical', ' Samurai', ' Shounen']",Movie,1,7.65
22043,Fairy Tail (2014),"['Mecha', ' Police', ' Psychological', ' Sci-Fi']",Movie,1,7.64
31988,Hibike! Euphonium 2,"['Drama', ' Historical', ' Psychological', ' Seinen']",Movie,1,7.64
20899,JoJo no Kimyou na Bouken: Stardust Crusaders,"['Drama', ' Romance', ' Slice of Life']",Movie,1,7.64
1453,Maison Ikkoku,"['Action', ' Super Power', ' Supernatural']",Movie,1,7.64
23623,Non Non Biyori Repeat,"['Drama', ' Mystery', ' Romance', ' School']",Movie,1,7.63
1559,Shijou Saikyou no Deshi Kenichi,"['Action', ' Adventure', ' Martial Arts', ' Romance']",Movie,1,7.63
1382,Yuusha-Ou GaoGaiGar Final,"['Action', ' Psychological', ' Sci-Fi']",Movie,1,7.63
23289,Gekkan Shoujo Nozaki-kun,"['Comedy', ' Shounen', ' Sports']",Movie,1,7.63
18,Initial D Fourth Stage,"[' Ano Natsu no Hajimari', 'Comedy', ' Drama', ' Ecchi', ' Fantasy', ' Magic', ' Romance', ' Shounen', ' Slice of Life']",Movie,1,7.63
4814,Junjou Romantica 2,"['Drama', ' Magic', ' Shoujo']",Movie,1,7.62
16662,Kaze Tachinu,"[' Ressen', ' Chougekisen', 'Adventure', ' Comedy', ' Fantasy', ' Sci-Fi', ' Shounen']",Movie,1,7.62
12031,Kingdom,"['Action', ' Adventure', ' Fantasy', ' Martial Arts', ' Shounen', ' Super Power']",Movie,1,7.62
8129,Kuragehime,"['Adventure', ' Comedy', ' Demons', ' Drama', ' Historical', ' Romance', ' Shounen', ' Supernatural']",Movie,1,7.62
14513,Magi: The Labyrinth of Magic,"['School', ' Shounen', ' Sports']",Movie,1,7.61
2581,Mobile Suit Gundam 00,"['Adventure', ' Drama', ' Police', ' Romance', ' Sci-Fi', ' Shounen']",Movie,1,7.62
30015,ReLIFE,"['Action', ' Adventure', ' Martial Arts', ' Mystery', ' Shounen', ' Super Power']",Movie,1,7.62
6171,Saint Seiya: The Lost Canvas - Meiou Shinwa,"['Action', ' Fantasy', ' Kids', ' Sci-Fi']",Movie,1,7.61
1827,Seirei no Moribito,"['Action', ' Fantasy', ' Magic', ' Shoujo']",Movie,1,7.61
25013,Akatsuki no Yona,"['Action', ' Adventure', ' Shounen', ' Supernatural']",Movie,1,7.60
1367,Detective Conan Movie 08: Magician of the Silver Sky,"['Adventure', ' Comedy', ' Mystery', ' Police', ' Shounen']",Movie,1,7.60
27833,Durarara!!x2 Ketsu,"['Mecha', ' Police', ' Psychological', ' Sci-Fi']",Movie,1,7.60
26213,Free!: Eternal Summer Special,"['Action', ' Comedy', ' School', ' Shounen', ' Sports']",Movie,1,7.60
1974,Glass no Kamen (2005),"['Action', ' Adventure', ' Samurai']",Movie,1,7.59
8425,Gosick,"['Action', ' Comedy', ' Mystery', ' Shounen']",Movie,1,7.59
12069,Hajime no Ippo: Boxer no Kobushi,"['Action', ' Mecha', ' Military']",Movie,1,7.59
185,Initial D First Stage,"['Drama', ' Mecha', ' Military', ' Police']",Movie,1,7.59
18679,Kill la Kill,"['Action', ' Mecha', ' Sci-Fi']",Movie,1,7.59
2034,Lovely★Complex,"['Dementia', ' Drama', ' Fantasy', ' Romance', ' Shoujo']",Movie,1,7.59
437,Perfect Blue,"['Action', ' Sci-Fi', ' Seinen']",Movie,1,7.58
721,Princess Tutu,"['Action', ' Adventure', ' Super Power']",Movie,1,7.58
12477,Sakasama no Patema,"['Action', ' Adventure', ' Fantasy', ' Kids', ' Magic', ' Supernatural']",Movie,1,7.58
4938,Tsubasa: Shunraiki,"['Action', ' Fantasy', ' Magic', ' Supernatural']",Movie,1,7.58
2402,Ashita no Joe,"['Drama', ' Slice of Life']",Movie,1,7.57
6702,Fairy Tail,"['Adventure', ' Comedy', ' Fantasy', ' Historical', ' Kids', ' Shounen']",Movie,1,7.57
1566,Ghost in the Shell: Stand Alone Complex - Solid State Society,"['Action', ' Psychological', ' Sci-Fi']",Movie,1,7.57
31741,Magi: Sinbad no Bouken (TV),"['Drama', ' Historical', ' Slice of Life']",Movie,1,7.57
440,Shoujo Kakumei Utena,"['Comedy', ' Mecha', ' Shounen']",Movie,2,7.57
4107,Tengen Toppa Gurren Lagann Movie: Gurren-hen,"['Harem', ' Romance', ' Sci-Fi']",Movie,1,7.56
1506,Detective Conan Movie 10: Requiem of the Detectives,"['Adventure', ' Comedy', ' Kids']",Movie,1,7.56
2759,Evangelion: 1.0 You Are (Not) Alone,"['Action', ' Drama', ' Mecha', ' Military', ' Sci-Fi', ' Space']",Movie,1,7.56
72,Full Metal Panic? Fumoffu,"[' Kaeru no Uta ga Kikoeru yo.', 'Drama', ' School', ' Slice of Life']",Movie,1,7.56
3016,Ginga Eiyuu Densetsu: Arata Naru Tatakai no Overture,"['Drama', ' Romance', ' School', ' Sci-Fi', ' Shoujo']",Movie,1,7.56
3783,Kara no Kyoukai 3: Tsuukaku Zanryuu,"['Action', ' Drama', ' Sci-Fi', ' Space']",Movie,1,7.56
3927,Mobile Suit Gundam 00 Second Season,"['Action', ' Mecha', ' Military']",Movie,1,7.55
11597,Nisemonogatari,"['Action', ' Adventure', ' Comedy', ' Fantasy', ' Martial Arts', ' Shounen', ' Super Power']",Movie,1,7.55
28025,Tsukimonogatari,"['Drama', ' Historical']",Movie,1,7.55
24833,Ansatsu Kyoushitsu (TV),"['Adventure', ' Comedy', ' Fantasy', ' Kids', ' Shounen']",Movie,1,7.54
29893,Aria The Avvenire,"['Adventure', ' Comedy', ' Fantasy', ' Sci-Fi', ' Shounen']",Movie,1,7.54
27663,Baby Steps 2nd Season,"['Action', ' Adventure', ' Martial Arts']",Movie,1,7.54
1482,D.Gray-man,"['Action', ' Comedy', ' Mystery', ' Super Power']",Movie,1,7.54
3371,"""Ginga Eiyuu Densetsu Gaiden: Senoku no Hoshi","['Drama', ' Sports']",Movie,1,7.53
25313,Gintama: Jump Festa 2014 Special,"['Action', ' Comedy', ' Martial Arts', ' Shounen', ' Super Power']",Movie,1,7.53
1430,Lupin III: Cagliostro no Shiro,"['Historical', ' Music']",Movie,1,7.53
33051,Mobile Suit Gundam: Iron-Blooded Orphans 2nd Season,"['Action', ' Super Power', ' Supernatural']",Movie,1,7.53
7720,Ookiku Furikabutte: Natsu no Taikai-hen,"['Action', ' Mystery', ' Super Power', ' Supernatural']",Movie,1,7.53
1914,Saiunkoku Monogatari 2nd Season,"['Adventure', ' Game', ' Shounen']",Movie,1,7.53
20371,Sekaiichi Hatsukoi Movie: Yokozawa Takafumi no Baai,"['Action', ' Drama', ' Historical', ' Supernatural']",Movie,1,7.52
15039,Ano Hi Mita Hana no Namae wo Bokutachi wa Mada Shiranai. Movie,"['Mecha', ' Police', ' Psychological', ' Sci-Fi']",Movie,1,7.52
2164,Dennou Coil,"['Drama', ' School', ' Supernatural']",Movie,1,7.52
237,Eureka Seven,"['Drama', ' Music', ' Sci-Fi', ' Slice of Life']",Movie,1,7.52
2449,Ghost in the Shell: Stand Alone Complex - The Laughing Man,"['Adventure', ' Mystery', ' School', ' Super Power', ' Supernatural']",Movie,1,7.52
10643,Gintama: Dai Hanseikai,"['Adventure', ' Comedy', ' Shounen']",Movie,1,7.52
17739,Hidamari Sketch: Sae Hiro Sotsugyou-hen,"['Action', ' Comedy', ' Romance', ' School', ' Sci-Fi', ' Shounen', ' Space']",Movie,1,7.52
135,Hikaru no Go,"['Action', ' Horror', ' Mystery', ' Seinen', ' Supernatural']",Movie,1,7.51
6045,Kimi ni Todoke,"['Action', ' Comedy', ' Mystery', ' Shounen']",Movie,1,7.51
16001,Kokoro Connect: Michi Random,"['Adventure', ' Fantasy']",Movie,1,7.51
232,Cardcaptor Sakura,"['Drama', ' Mecha', ' Psychological', ' Sci-Fi']",Movie,1,7.51
4789,ef: A Tale of Melodies.,"['Drama', ' Historical']",Movie,1,7.51
16918,Gin no Saji,"['Action', ' Adventure', ' Comedy', ' Drama', ' Fantasy', ' Magic', ' Military', ' Shounen']",Movie,1,7.50
16,Hachimitsu to Clover,"['Drama', ' Historical', ' Shounen']",Movie,1,7.50
1486,Kodomo no Omocha (TV),"['Action', ' Psychological', ' Sci-Fi']",Movie,1,7.50
24997,Love Live! The School Idol Movie,"['Romance', ' Shoujo']",Movie,1,7.50
32902,Mahoutsukai no Yome: Hoshi Matsu Hito,"['Action', ' Comedy', ' Martial Arts', ' Shounen', ' Super Power']",Movie,1,7.50
8063,Sekaiichi Hatsukoi OVA,"['Action', ' Adventure', ' Comedy', ' Martial Arts', ' Shounen', ' Supernatural']",Movie,1,7.50
25879,Working!!!,"['Adventure', ' Fantasy', ' Space']",Movie,1,7.50
889,Black Lagoon,"['Shounen', ' Sports', ' Super Power']",Movie,1,7.49
21419,Detective Conan Movie 18: The Sniper from Another Dimension,"['Comedy', ' Drama', ' Romance']",Movie,1,7.49
2952,Final Fantasy VII: Advent Children Complete,"['Drama', ' Historical', ' Kids', ' Romance', ' Samurai']",Movie,1,7.48
934,Higurashi no Naku Koro ni,"['Adventure', ' Shounen', ' Supernatural']",Movie,1,7.48
12189,Hyouka,"['Drama', ' Kids', ' Slice of Life']",Movie,1,7.48
731,Interstella5555: The 5tory of The 5ecret 5tar 5ystem,"['Action', ' Adventure', ' Comedy', ' Drama', ' Sci-Fi', ' Shounen']",Movie,1,7.48
1530,Kanon (2006),"['Action', ' Adventure', ' Comedy', ' Shounen']",Movie,1,7.48
9656,Kimi ni Todoke 2nd Season,"['Comedy', ' Kids', ' Supernatural']",Movie,1,7.48
20507,Noragami,"['Drama', ' Shounen', ' Sports']",Movie,1,7.48
31149,Persona 3 the Movie 4: Winter of Rebirth,"['Drama', ' Shounen', ' Sports']",Movie,1,7.48
4918,xxxHOLiC Shunmuki,"['Action', ' Mecha', ' Military', ' Sci-Fi']",Movie,1,7.47
14075,Zetsuen no Tempest,"['Adventure', ' Comedy', ' Kids', ' Sci-Fi']",Movie,1,7.47
4772,Aria The Origination: Sono Choppiri Himitsu no Basho ni...,"['Adventure', ' Comedy', ' Fantasy', ' Kids', ' Shounen']",Movie,1,7.47
781,Detective Conan Movie 03: The Last Wizard of the Century,"['Drama', ' Mystery', ' Slice of Life']",Movie,1,7.47
1363,Detective Conan Movie 04: Captured in Her Eyes,"[' White', 'Comedy', ' Historical', ' Parody']",Movie,1,7.47
223,Dragon Ball,"['Kids', ' Magic', ' Shoujo']",Movie,1,7.47
2004,Hanada Shounen-shi,"[' The First Game', 'Action', ' Shounen', ' Sports']",Movie,1,7.47
25649,Junjou Romantica 3,"['Comedy', ' Drama', ' School', ' Shounen', ' Slice of Life', ' Sports']",Movie,1,7.47
153,Juuni Kokuki,"['Romance', ' School']",Movie,1,7.47
5029,Major Movie: Yuujou no Winning Shot,"['Action', ' Adventure', ' Samurai']",Movie,1,7.46
302,Mirai Shounen Conan,"['Adventure', ' Comedy', ' Fantasy', ' Kids', ' Shounen']",Movie,1,7.46
8740,One Piece Film: Strong World Episode 0,"['Adventure', ' Fantasy', ' Kids', ' Sci-Fi', ' Shounen']",Movie,1,7.46
5682,Phantom: Requiem for the Phantom,"['Adventure', ' Comedy', ' Fantasy', ' Shounen']",Movie,1,7.46
21647,Tamako Love Story,"['Adventure', ' Comedy', ' Drama', ' Fantasy', ' Kids']",Movie,1,7.46
16049,Toaru Kagaku no Railgun S,"['Action', ' Fantasy', ' Supernatural']",Movie,1,7.46
1065,Touch,"['Fantasy', ' Kids', ' Magic', ' Shoujo']",Movie,1,7.46
18179,Yowamushi Pedal,"['Action', ' Drama', ' Mecha', ' Military', ' Sci-Fi']",Movie,1,7.46
47,Akira,"['Comedy', ' Kids', ' Sci-Fi', ' Shounen']",Movie,1,7.45
4901,Black Lagoon: Robertas Blood Trail,"['Adventure', ' Drama', ' Sci-Fi', ' Space']",Movie,1,7.45
23199,Durarara!!x2 Shou,"['Action', ' Adventure', ' Drama', ' Historical', ' Military', ' Sci-Fi']",Movie,1,7.45
32122,Gintama: Jump Festa 2015 Special,"['Fantasy', ' Kids', ' Magic', ' Romance', ' Shoujo', ' Super Power']",Movie,1,7.45
30415,High☆Speed!: Free! Starting Days,"['Comedy', ' Drama', ' Shounen', ' Sports']",Movie,1,7.45
851,Kyou kara Ore wa!!,"['Comedy', ' Fantasy', ' Kids', ' Sci-Fi', ' Shounen']",Movie,1,7.44
10049,Nurarihyon no Mago: Sennen Makyou,"['Action', ' Adventure', ' Comedy', ' Fantasy', ' Shounen', ' Super Power']",Movie,1,7.44
1943,Paprika,"['Action', ' Adventure', ' Fantasy', ' Shounen']",Movie,1,7.44
4053,Prince of Tennis: The National Tournament Finals,"['Adventure', ' Fantasy', ' Kids', ' Sci-Fi', ' Shounen']",Movie,1,7.43
846,School Rumble Ni Gakki,"['Adventure', ' Comedy', ' Fantasy', ' Kids']",Movie,1,7.43
9926,Sekaiichi Hatsukoi,"['Drama', ' Fantasy', ' Historical', ' Kids', ' Mystery']",Movie,1,7.43
31173,Akagami no Shirayuki-hime 2nd Season,"['Action', ' Adventure', ' Drama', ' Mecha', ' Military', ' Sci-Fi', ' Space']",Movie,1,7.43
4059,"""Clannad: Mou Hitotsu no Sekai","['Action', ' Adventure', ' Comedy', ' Fantasy', ' Shounen']",Movie,1,7.43
589,Ginga Nagareboshi Gin,"['Action', ' Martial Arts', ' Shounen', ' Supernatural']",Movie,1,7.43
15059,Initial D Fifth Stage,"['Adventure', ' Drama']",Movie,1,7.43
7791,K-On!!,"['Adventure', ' Fantasy', ' Kids']",Movie,1,7.43
17265,Log Horizon,"['Action', ' Horror', ' Sci-Fi']",Movie,1,7.42
20815,Sekaiichi Hatsukoi: Valentine-hen,"['Drama', ' Fantasy', ' Sci-Fi']",Movie,1,7.42
535,Slayers Next,"['Adventure', ' Comedy', ' Fantasy', ' Kids', ' Sci-Fi', ' Shounen']",Movie,1,7.42
2563,Aria The OVA: Arietta,"['Adventure', ' Comedy']",Movie,1,7.42
9963,Detective Conan Movie 15: Quarter of Silence,"['Adventure', ' Comedy', ' Fantasy', ' Kids']",Movie,1,7.42
32551,Digimon Adventure tri. 3: Kokuhaku,"['Music', ' School']",Movie,1,7.42
2951,Gintama: Nanigoto mo Saiyo ga Kanjin nano de Tasho Senobisuru Kurai ga Choudoyoi,"['Adventure', ' Fantasy', ' Sci-Fi', ' Shounen']",Movie,1,7.42
2762,Igano Kabamaru,"['Adventure', ' Sci-Fi', ' Shounen']",Movie,1,7.42
14713,Kamisama Hajimemashita,"['Adventure', ' Comedy', ' Fantasy', ' Magic', ' Supernatural']",Movie,1,7.42
14807,Kara no Kyoukai: Mirai Fukuin,"['Adventure', ' Comedy', ' Fantasy', ' Magic', ' Shounen']",Movie,1,7.42
81,Mobile Suit Gundam: The 08th MS Team,"['Action', ' Comedy', ' Drama', ' Police', ' Shounen']",Movie,1,7.42
9204,Omae Umasou da na,"['Fantasy', ' Music', ' Romance', ' Shoujo']",Movie,1,7.42
31098,Ushio to Tora (TV) 2nd Season,"['Comedy', ' School', ' Shoujo']",Movie,1,7.41
1023,Wolfs Rain OVA,"['Adventure', ' Fantasy', ' Kids', ' Shounen']",Movie,1,7.41
33253,Ajin 2nd Season,"['Adventure', ' Comedy', ' Fantasy', ' Kids']",Movie,1,7.41
24921,Aoki Hagane no Arpeggio: Ars Nova Cadenza,"['Adventure', ' Shounen', ' Supernatural']",Movie,1,7.41
1471,City Hunter 2,"['Action', ' Mecha', ' Sci-Fi', ' Space']",Movie,1,7.41
27831,Durarara!!x2 Ten,"['Action', ' Fantasy', ' Magic', ' Shoujo']",Movie,1,7.41
2924,ef: A Tale of Memories.,"['Drama', ' Historical']",Movie,1,7.41
4672,Ghost in the Shell 2.0,"['Adventure', ' Comedy', ' Fantasy', ' Magic', ' Shounen']",Movie,1,7.41
2448,Ghost in the Shell: Stand Alone Complex 2nd GIG - Individual Eleven,"['Comedy', ' Kids', ' Shounen']",Movie,1,7.40
3907,Ginga Sengoku Gunyuuden Rai,"['Adventure', ' Comedy', ' Drama', ' Kids', ' Sci-Fi']",Movie,1,7.40
186,Initial D Second Stage,"['Adventure', ' Comedy']",Movie,1,7.40
10080,Kami nomi zo Shiru Sekai II,"['Drama', ' Fantasy', ' Historical', ' Magic', ' Romance', ' Shoujo', ' Supernatural']",Movie,1,7.40
30885,Noragami Aragoto OVA,"['Drama', ' Historical', ' Slice of Life']",Movie,1,7.40
21469,Stand By Me Doraemon,"['Action', ' Adventure', ' Drama', ' Fantasy', ' Kids']",Movie,1,7.40
9941,Tiger &  Bunny,"['Action', ' Adventure', ' Game', ' Kids']",Movie,1,7.40
14813,Yahari Ore no Seishun Love Comedy wa Machigatteiru.,"['Drama', ' Military']",Movie,1,7.40
6421,Fullmetal Alchemist: Brotherhood Specials,"['Drama', ' Romance', ' Supernatural']",Movie,1,7.39
21855,Hanamonogatari,"['Comedy', ' Fantasy', ' Kids']",Movie,1,7.39
11739,Kimi to Boku. 2,"['Action', ' Dementia', ' Fantasy', ' Mecha', ' Music', ' Psychological', ' Romance', ' Sci-Fi']",Movie,7,7.39
2159,Ookiku Furikabutte,"['Dementia', ' Fantasy', ' Music', ' Sci-Fi']",Movie,5,7.39
28297,Ore Monogatari!!,"['Action', ' Adventure', ' Shounen', ' Super Power']",Movie,1,7.39
29831,Tamayura: Sotsugyou Shashin Part 4 - Ashita,"['Adventure', ' Comedy', ' Shounen']",Movie,1,7.39
2154,Tekkon Kinkreet,"['Adventure', ' Comedy', ' Fantasy', ' Magic', ' Shounen']",Movie,1,7.39
6505,There She Is!!,"['Action', ' Adventure', ' Drama', ' Fantasy', ' Shounen']",Movie,1,7.39
861,xxxHOLiC,"['Comedy', ' Ecchi', ' Kids', ' School', ' Shounen', ' Slice of Life']",Movie,1,7.38
1689,Byousoku 5 Centimeter,"['Action', ' Adventure', ' Comedy', ' Shounen']",Movie,1,7.38
34103,Danganronpa 3: The End of Kibougamine Gakuen - Kibou-hen,"['Adventure', ' Comedy', ' Fantasy', ' Kids', ' Shounen']",Movie,1,7.37
3665,Ginga Eiyuu Densetsu Gaiden: Rasen Meikyuu,"[' Kiseki no Jikuu-jima', ' de arimasu!!', 'Comedy']",Movie,1,7.37
9996,Hyouge Mono,"['Drama', ' Mecha', ' Military', ' Sci-Fi', ' Space']",Movie,1,7.37
77,Mahou Shoujo Lyrical Nanoha As,"['Comedy', ' Drama', ' Romance', ' School', ' Slice of Life']",Movie,1,7.37
401,Rurouni Kenshin: Meiji Kenkaku Romantan - Seisou-hen,"['Action', ' Sci-Fi']",Movie,1,7.36
32093,Tanaka-kun wa Itsumo Kedaruge,"['Adventure', ' Comedy', ' Fantasy', ' Sci-Fi', ' Shounen']",Movie,1,7.36
12113,Berserk: Ougon Jidai-hen II - Doldrey Kouryaku,"['Comedy', ' Shounen', ' Sports']",Movie,1,7.38
7338,Darker than Black: Kuro no Keiyakusha Gaiden,"['Comedy', ' Slice of Life']",Movie,1,7.36
32613,Elsword: El Lady,"['Action', ' Horror', ' Mystery', ' Seinen', ' Supernatural']",Movie,1,7.36
3014,Ginga Eiyuu Densetsu: Waga Yuku wa Hoshi no Taikai,"['Drama', ' Fantasy', ' Romance', ' School']",Movie,1,7.35
645,Hikaru no Go: Journey to the North Star Cup,"['Action', ' Adventure', ' Shounen', ' Super Power']",Movie,1,7.35
11135,Hybrid Child,"['Drama', ' Mecha', ' Military', ' Sci-Fi', ' Space']",Movie,1,7.35
5781,Isekai no Seikishi Monogatari,"['Comedy', ' Fantasy', ' Shounen']",Movie,1,7.35
13767,Junjou Romantica OVA,"['Adventure', ' Comedy', ' Fantasy', ' Kids', ' Shounen']",Movie,1,7.34
5678,Kobato.,"['Adventure', ' Comedy', ' Fantasy', ' Kids', ' Shounen']",Movie,1,7.34
6774,Kuuchuu Buranko,"['Action', ' Mecha', ' Sci-Fi', ' Super Power']",Movie,1,7.34
1089,Macross: Do You Remember Love?,"['Action', ' Adventure', ' Comedy', ' Fantasy', ' Shounen']",Movie,1,7.34
25161,One Piece 3D2Y: Ace no shi wo Koete! Luffy Nakama Tono Chikai,"['Comedy', ' Fantasy', ' Shounen', ' Sports']",Movie,1,7.34
995,Prince of Tennis: The National Tournament,"['Action', ' Adventure', ' Comedy', ' Drama', ' Fantasy', ' Kids']",Movie,1,7.34
2752,Prince of Tennis: The National Tournament Semifinals,"['Action', ' Mecha', ' Sci-Fi', ' Seinen', ' Space']",Movie,1,7.34
15,Eyeshield 21,"['Action', ' Comedy']",Movie,1,7.34
122,Full Moon wo Sagashite,"['Action', ' Adventure', ' Drama', ' Mystery', ' Romance', ' Sci-Fi', ' Shoujo', ' Space']",Movie,1,7.33
29095,Grisaia no Rakuen,"['Action', ' Horror', ' Supernatural', ' Vampire']",Movie,1,7.33
1594,Jigoku Shoujo Futakomori,"['Adventure', ' Comedy', ' Fantasy', ' Kids', ' Shounen']",Movie,1,7.33
3092,Junjou Romantica,"['Adventure', ' Comedy', ' Fantasy', ' Kids', ' Shounen']",Movie,1,7.33
10721,Mawaru Penguindrum,"['Action', ' Adventure', ' Comedy', ' Fantasy', ' Sci-Fi', ' Shounen', ' Super Power']",Movie,1,7.33
16395,SKET Dance OVA,"['Action', ' Kids', ' Mecha', ' Sports']",Movie,1,7.34
3588,Soul Eater,"['Action', ' Mecha', ' Sci-Fi', ' Super Power']",Movie,1,7.33
4106,Trigun: Badlands Rumble,"['Adventure', ' Drama']",Movie,1,7.33
387,Haibane Renmei,"['Kids', ' Magic', ' Shoujo']",Movie,1,7.33
16916,Kuroko no Basket: Tip Off,"['Action', ' Adventure', ' Comedy', ' Fantasy', ' Shounen', ' Super Power']",Movie,1,7.33
1088,Macross,"['Adventure', ' Comedy', ' Fantasy', ' Kids']",Movie,1,7.33
10620,Mirai Nikki (TV),"['Adventure', ' Sci-Fi']",Movie,1,7.33
2143,Saiyuuki Reload: Burial,"['Action', ' Drama', ' Military', ' Sci-Fi', ' Space']",Movie,1,7.33
6582,Tentai Senshi Sunred 2nd Season,"['Action', ' Fantasy', ' Game', ' Sci-Fi']",Movie,1,7.32
2158,Terra e... (TV),"['Action', ' Adventure', ' Fantasy', ' Game', ' Magic', ' Mystery', ' Sci-Fi']",Movie,1,7.32
22319,Tokyo Ghoul,"['Action', ' Drama', ' Sports']",Movie,1,7.32
11113,Usagi Drop Specials,"['Action', ' Drama', ' Ecchi', ' Horror', ' Psychological', ' Sci-Fi', ' Seinen', ' Supernatural']",Movie,1,7.34
6586,Yume-iro Pâtissière,"['Action', ' Adventure', ' Comedy', ' Shounen']",Movie,1,7.32
66,Azumanga Daioh,"['Action', ' Adventure', ' Comedy', ' Fantasy', ' Shounen']",Movie,1,7.32
8142,Colorful (Movie),"['Adventure', ' Comedy', ' Drama', ' Fantasy', ' Kids']",Movie,1,7.32
6438,Detective Conan OVA 09: The Stranger in 10 Years...,"['Adventure', ' Comedy', ' Fantasy', ' Magic', ' Shounen']",Movie,1,7.32
33032,Drifters: Special Edition,"['Action', ' Adventure', ' Fantasy', ' Magic']",Movie,1,7.31
227,FLCL,"['Drama', ' Fantasy', ' Romance']",Movie,1,7.31
73,Full Metal Panic! The Second Raid,"['Fantasy', ' Romance', ' Shoujo']",Movie,1,7.30
4898,Kuroshitsuji,"['Adventure', ' Sci-Fi', ' Shounen']",Movie,1,7.30
19111,Love Live! School Idol Project 2nd Season,"['Action', ' Kids', ' Magic', ' Shoujo']",Movie,1,7.30
7222,Macross F Movie 2: Sayonara no Tsubasa,"['Game', ' Psychological']",Movie,1,7.30
22097,Magi: Sinbad no Bouken,"['Action', ' Fantasy', ' Magic', ' Super Power', ' Supernatural']",Movie,1,7.30
15689,Nekomonogatari: Kuro,"['Action', ' Adventure', ' Comedy', ' Drama', ' Romance', ' Sci-Fi']",Movie,1,7.30
957,Saiunkoku Monogatari,"['Comedy', ' Ecchi', ' Kids', ' School', ' Shounen', ' Slice of Life']",Movie,1,7.29
24,School Rumble,"['Action', ' Adventure', ' Fantasy', ' Sci-Fi']",Movie,1,7.29
33286,Strike the Blood II,"['Adventure', ' Comedy', ' Fantasy', ' Kids', ' Shounen', ' Space']",Movie,1,7.29
849,Suzumiya Haruhi no Yuuutsu,"['Comedy', ' Fantasy', ' Magic', ' Shoujo']",Movie,1,7.29
2623,Flanders no Inu (Movie),"['Drama', ' School', ' Slice of Life']",Movie,1,7.29
268,Golden Boy,"['Drama', ' Slice of Life']",Movie,1,7.29
427,Kaleido Star,"['Action', ' Comedy', ' Mystery', ' Police']",Movie,1,7.29
4280,Kara no Kyoukai 4: Garan no Dou,"['Kids', ' Magic', ' Shoujo']",Movie,1,7.29
18429,Lupin III vs. Detective Conan: The Movie,"['Action', ' Martial Arts', ' Shounen']",Movie,1,7.29
17549,Non Non Biyori,"['Action', ' Mecha', ' Military']",Movie,1,7.28
26123,Seitokai Yakuindomo* OVA,"['Adventure', ' Comedy', ' Psychological', ' Sci-Fi']",Movie,1,7.28
28,Yakitate!! Japan,"['Adventure', ' Drama', ' Fantasy', ' Romance', ' Sci-Fi']",Movie,1,7.28
9513,Beelzebub,"['Kids', ' Sci-Fi']",Movie,1,7.28
14353,Death Billiards,"['Romance', ' School', ' Sci-Fi']",Movie,1,7.28
8408,Durarara!! Specials,"['Action', ' Fantasy', ' Magic', ' Shoujo']",Movie,1,7.28
13331,Jormungand: Perfect Order,"['Drama', ' Historical', ' Supernatural']",Movie,1,7.28
4985,Mahou Shoujo Lyrical Nanoha: The Movie 1st,"['Adventure', ' Comedy', ' Fantasy', ' Kids', ' Shounen']",Movie,1,7.27
29803,Overlord,"['Adventure', ' Comedy', ' Fantasy', ' Kids', ' Shounen']",Movie,1,7.27
22,Prince of Tennis,"['Drama', ' Mecha', ' Military', ' Romance', ' Sci-Fi', ' Space']",Movie,1,7.27
2618,Takarajima,"['Action', ' Adventure', ' Martial Arts', ' Shounen', ' Super Power']",Movie,1,7.27
793,xxxHOLiC Movie: Manatsu no Yoru no Yume,"['Fantasy', ' Kids']",Movie,3,7.27
30279,Yuru Yuri San☆Hai!,"['Drama', ' Romance', ' Sci-Fi', ' Shounen']",Movie,1,7.27
28755,Boruto: Naruto the Movie,"['Action', ' Adventure', ' Fantasy', ' Shounen']",Movie,1,7.27
10029,Coquelicot-zaka kara,"['Music', ' Shoujo']",Movie,1,7.26
2035,Eikoku Koi Monogatari Emma: Molders-hen,"['Comedy', ' Ecchi', ' Kids', ' School', ' Shounen', ' Slice of Life']",Movie,1,7.26
790,Ergo Proxy,"['Comedy', ' Harem', ' Parody']",Movie,1,7.26
9289,Hanasaku Iroha,"['Comedy', ' Drama', ' Slice of Life']",Movie,1,7.26
15809,Hataraku Maou-sama!,"['Sci-Fi', ' Space']",Movie,1,7.26
27989,Hibike! Euphonium,"['Action', ' Horror', ' Sci-Fi', ' Supernatural', ' Vampire']",Movie,1,7.26
5630,Higashi no Eden,"['Adventure', ' Comedy', ' Fantasy', ' Kids', ' Shounen']",Movie,1,7.25
2829,Ie Naki Ko Remi,"['Adventure', ' Comedy', ' Fantasy', ' Kids', ' Sci-Fi', ' Shounen']",Movie,1,7.25
30831,Kono Subarashii Sekai ni Shukufuku wo!,"['Adventure', ' Mecha', ' Romance', ' Sci-Fi']",Movie,1,7.25
416,Kurenai no Buta,"['Adventure', ' Fantasy']",Movie,1,7.25
85,Mobile Suit Zeta Gundam,"['Action', ' Adventure', ' Comedy', ' Fantasy', ' Shounen', ' Super Power']",Movie,1,7.25
30240,Prison School,"['Drama', ' Historical', ' Romance', ' Shoujo']",Movie,1,7.25
1254,Saint Seiya,"['Adventure', ' Comedy', ' Fantasy', ' Sci-Fi', ' Shounen']",Movie,1,7.24
2605,Sayonara Zetsubou Sensei,"['Action', ' Mystery', ' Sci-Fi', ' Thriller']",Movie,1,7.24
4163,Seto no Hanayome OVA,"['Adventure', ' Shounen', ' Supernatural']",Movie,1,7.24
3228,Zoku Sayonara Zetsubou Sensei,"['Adventure', ' Fantasy', ' Kids']",Movie,1,7.24
1485,Akachan to Boku,"['Comedy', ' Supernatural']",Movie,1,7.24
6351,"""Clannad: After Story - Mou Hitotsu no Sekai","['Drama', ' Historical']",Movie,1,7.23
13119,Hakuouki Movie 2: Shikon Soukyuu,"['Comedy', ' Ecchi', ' Kids', ' School', ' Shounen', ' Slice of Life']",Movie,1,7.23
3782,Kara no Kyoukai 2: Satsujin Kousatsu (Zen),"['Adventure', ' Fantasy', ' Kids', ' Sci-Fi']",Movie,2,7.23
3572,Macross F,"['Adventure', ' Comedy', ' Fantasy', ' Kids', ' Sci-Fi', ' Shounen']",Movie,1,7.23
8310,Magic Kaito,"['Adventure', ' Fantasy']",Movie,1,7.23
114,Sakigake!! Cromartie Koukou,"['Comedy', ' Sci-Fi', ' Seinen', ' Slice of Life', ' Space']",Movie,1,7.22
11813,Shijou Saikyou no Deshi Kenichi OVA,"[' Girls! Shichinin no Idol', 'Drama', ' Music']",Movie,1,7.23
658,Touhai Densetsu Akagi: Yami ni Maiorita Tensai,"['Action', ' Adventure', ' Mecha', ' Military', ' Police', ' Sci-Fi']",Movie,1,7.22
10012,Carnival Phantasm,"['Adventure', ' Drama', ' Fantasy']",Movie,1,7.22
32370,D.Gray-man Hallow,"['Comedy', ' Ecchi', ' Kids', ' School', ' Shounen', ' Slice of Life']",Movie,1,7.22
22961,Date A Live: Encore OVA,"['Historical', ' Kids']",Movie,1,7.22
22777,Dragon Ball Kai (2014),"['Music', ' School', ' Slice of Life']",Movie,1,7.21
29787,Gochuumon wa Usagi Desu ka??,"['Action', ' Drama', ' Mecha', ' Military', ' Police', ' Sci-Fi', ' Shounen']",Movie,1,7.21
7062,Hidamari Sketch x ☆☆☆,"['Comedy', ' Ecchi', ' Kids', ' School', ' Shounen', ' Slice of Life']",Movie,1,7.21
11887,Kokoro Connect,"['Psychological', ' Sci-Fi']",Movie,1,7.21
9088,Saiyuuki Gaiden,"['Action', ' Mecha', ' Sci-Fi', ' Super Power']",Movie,1,7.21
12815,Shirokuma Cafe,"['Adventure', ' Drama']",Movie,1,7.21
12017,Tiger &  Bunny Movie 2: The Rising,"['Fantasy', ' Magic', ' Shoujo']",Movie,1,7.21
6377,Zan Sayonara Zetsubou Sensei,"['Action', ' Comedy', ' Sci-Fi', ' Shounen', ' Space']",Movie,1,7.21
1470,City Hunter,"['Fantasy', ' Space']",Movie,1,7.20
780,Detective Conan Movie 02: The Fourteenth Target,"['Adventure', ' Fantasy', ' Kids', ' Shounen']",Movie,1,7.20
27633,Gekkan Shoujo Nozaki-kun Specials,"['Comedy', ' Fantasy', ' Kids']",Movie,1,7.19
2321,Giant Robo the Animation: Chikyuu ga Seishi Suru Hi,"['Comedy', ' Mystery', ' Super Power']",Movie,1,7.20
17273,Hetalia: The Beautiful World Specials,"['Adventure', ' Kids']",Movie,1,7.20
429,Kaleido Star: Legend of Phoenix - Layla Hamilton Monogatari,"['Comedy', ' Fantasy', ' Shounen', ' Sports']",Movie,1,7.20
18661,Kamisama Hajimemashita OVA,"['Music', ' School', ' Shoujo', ' Slice of Life']",Movie,1,7.20
14349,Little Witch Academia,"['Action', ' Adventure', ' Sci-Fi', ' Space']",Movie,1,7.20
1729,Maria-sama ga Miteru 3rd,"['Action', ' Horror', ' Sci-Fi']",Movie,1,7.19
31973,Mobile Suit Gundam Thunderbolt,"['Adventure', ' Comedy', ' Police', ' Sci-Fi']",Movie,1,7.19
996,Bishoujo Senshi Sailor Moon: Sailor Stars,"['Adventure', ' Drama', ' Fantasy', ' Mecha', ' Romance', ' Sci-Fi', ' Shoujo']",Movie,1,7.19
9465,Break Blade 4: Sanka no Chi,"['Action', ' Demons', ' Fantasy', ' Magic', ' Supernatural']",Movie,1,7.18
14175,Hanasaku Iroha: Home Sweet Home,"['Action', ' Adventure', ' Drama', ' Military', ' Space']",Movie,1,7.19
11239,Hidamari Sketch x Honeycomb,"['Action', ' Adventure', ' Mecha', ' Military', ' Police', ' Romance', ' Sci-Fi']",Movie,1,7.18
967,Hokuto no Ken,"['Comedy', ' Fantasy', ' Kids']",Movie,1,7.18
1695,Les Misérables: Shoujo Cosette,"['Adventure', ' Fantasy', ' Magic']",Movie,1,7.18
339,Serial Experiments Lain,"['Fantasy', ' Kids', ' Magic', ' Shoujo']",Movie,1,7.18
7724,Shiki,"['Mystery', ' School', ' Shounen']",Movie,1,7.18
2753,Ushiro no Shoumen Daare,"['Adventure', ' Fantasy', ' Kids']",Movie,1,7.18
8516,Baka to Test to Shoukanjuu Ni!,"['Action', ' Adventure', ' Comedy', ' Fantasy', ' Shounen', ' Super Power']",Movie,1,7.18
779,Detective Conan Movie 01: The Timed Skyscraper,"['Adventure', ' Comedy', ' Fantasy', ' Kids']",Movie,1,7.18
1366,Detective Conan Movie 07: Crossroad in the Ancient Capital,"['Action', ' Adventure', ' Drama', ' Sci-Fi', ' Space']",Movie,1,7.18
19319,Gundam Build Fighters,"['Comedy', ' Ecchi', ' Kids', ' School', ' Shounen', ' Slice of Life']",Movie,1,7.17
15195,Hetalia: The Beautiful World,"['Comedy', ' Ecchi', ' Magic', ' Romance', ' Supernatural']",Movie,1,7.17
187,Initial D Third Stage,"['Adventure', ' Magic']",Movie,1,7.17
30311,Kuroko no Basket 3rd Season NG-shuu,"['Adventure', ' Comedy', ' Drama', ' Historical', ' Shounen', ' Supernatural']",Movie,1,7.17
597,Neko no Ongaeshi,"['Action', ' Adventure', ' Comedy', ' Drama', ' Romance', ' Sci-Fi']",Movie,1,7.17
400,Seihou Bukyou Outlaw Star,"[' Girls! Beyond the Bottom', 'Drama', ' Music']",Movie,1,7.18
18245,White Album 2,"['Action', ' Drama', ' Romance', ' Sci-Fi']",Movie,1,7.17
10521,Working!!,"['Adventure', ' Comedy', ' Sci-Fi', ' Shounen']",Movie,1,7.16
28907,"""Gate: Jieitai Kanochi nite","['Adventure', ' Fantasy', ' Romance']",Movie,1,7.16
31637,"""Gate: Jieitai Kanochi nite","['Comedy', ' Shounen']",Movie,1,7.14
1571,Ghost Hunt,"['Adventure', ' Drama', ' Sci-Fi']",Movie,1,7.16
267,Gungrave,"['Action', ' Seinen', ' Sports']",Movie,1,7.16
253,Jungle wa Itsumo Hare nochi Guu,"['Action', ' Adventure', ' Comedy', ' Drama', ' Fantasy', ' Kids']",Movie,1,7.16
22673,Kuroko no Basket 2nd Season NG-shuu,"['Action', ' Drama', ' Mecha', ' Psychological', ' Romance', ' Sci-Fi']",Movie,1,7.16
4080,Kyou kara Maou! 3rd Series,"['Adventure', ' Drama', ' Martial Arts', ' Romance', ' Shounen', ' Supernatural']",Movie,1,7.16
27947,Lupin III (2015),"['Action', ' Drama', ' Sci-Fi']",Movie,1,7.15
12917,Madang-Eul Naon Amtalg,"['Comedy', ' Ecchi', ' Kids', ' School', ' Shounen', ' Slice of Life']",Movie,1,7.15
3750,Maria-sama ga Miteru 4th,"['Comedy', ' Fantasy', ' Kids', ' Sci-Fi', ' Shounen']",Movie,1,7.15
569,Musekinin Kanchou Tylor,"['Kids', ' Slice of Life']",Movie,1,7.15
6007,Ookami to Koushinryou II: Ookami to Kohakuiro no Yuuutsu,"[' Girls! Seishun no Kage', 'Drama', ' Music']",Movie,1,7.15
1253,Saint Seiya: Meiou Hades Meikai-hen,"['Drama', ' Fantasy', ' Psychological', ' Romance', ' Shoujo']",Movie,1,7.15
15771,Saint☆Oniisan (Movie),"['Action', ' Adventure', ' Demons', ' Game', ' Shounen']",Movie,1,7.14
397,Seikai no Senki II,"['Adventure', ' Comedy', ' Fantasy', ' Sci-Fi', ' Shounen']",Movie,1,7.14
949,Top wo Nerae! Gunbuster,"['Adventure', ' Comedy', ' Horror']",Movie,1,7.14
11001,Toshokan Sensou: Kakumei no Tsubasa,"['Drama', ' Sci-Fi']",Movie,1,7.14
17909,Uchouten Kazoku,"['Action', ' Adventure', ' Comedy', ' Drama', ' Fantasy', ' Kids']",Movie,1,7.14
21185,Baby Steps,"['Drama', ' Fantasy', ' Historical']",Movie,1,7.13
9724,Break Blade 5: Shisen no Hate,"['Adventure', ' Fantasy']",Movie,1,7.13
6768,Code Geass: Hangyaku no Lelouch R2 Special Edition Zero Requiem,"['Action', ' Adventure', ' Fantasy', ' Kids']",Movie,1,7.13
4872,Goku Sayonara Zetsubou Sensei,"['Adventure', ' Sci-Fi', ' Shounen']",Movie,1,7.13
12413,Jormungand,"[' Rin-kun e', 'Drama', ' Romance', ' Sci-Fi', ' Shoujo']",Movie,1,7.12
2076,Kindaichi Shounen no Jikenbo (TV),"['Fantasy', ' Romance', ' Slice of Life']",Movie,1,7.12
31251,Mobile Suit Gundam: Iron-Blooded Orphans,"['Action', ' Adventure', ' Sci-Fi', ' Shounen', ' Super Power']",Movie,1,7.13
5485,Shin Mazinger Shougeki! Z-hen,"['Comedy', ' Slice of Life']",Movie,1,7.11
5005,Tentai Senshi Sunred,"['Action', ' Adventure', ' Comedy', ' Demons', ' Fantasy', ' Martial Arts', ' Shounen', ' Super Power']",Movie,1,7.11
890,Yuusha-Ou GaoGaiGar,"['Adventure', ' Comedy', ' Fantasy', ' Magic', ' Shounen']",Movie,1,7.11
269,Bleach,"['Action', ' Comedy', ' Martial Arts', ' Shounen', ' Super Power']",Movie,1,7.11
14741,Chuunibyou demo Koi ga Shitai!,"['Drama', ' Historical', ' Military', ' Supernatural']",Movie,1,7.11
1472,City Hunter 3,"['Drama', ' Historical', ' Supernatural']",Movie,1,7.11
33028,Danganronpa 3: The End of Kibougamine Gakuen - Zetsubou-hen,"['Action', ' Adventure', ' Drama', ' Military', ' Sci-Fi', ' Space']",Movie,1,7.11
7304,Detective Conan Movie 08: Time Travel of the Silver Sky,"['Adventure', ' Drama', ' Sci-Fi', ' Shounen']",Movie,1,7.10
8609,Detective Conan OVA 10: Kid in Trap Island,"['Action', ' Adventure', ' Comedy', ' Fantasy', ' Kids', ' Sci-Fi']",Movie,1,7.10
6033,Dragon Ball Kai,"['Action', ' Adventure', ' Fantasy', ' Kids']",Movie,1,7.10
8479,Hetalia World Series,"['Historical', ' Magic']",Movie,1,7.10
254,Jungle wa Itsumo Hare nochi Guu Deluxe,"['Fantasy', ' Magic']",Movie,1,7.09
8525,Kami nomi zo Shiru Sekai,"['Action', ' Adventure', ' Comedy', ' Fantasy', ' Sci-Fi', ' Shounen', ' Super Power']",Movie,1,7.09
19703,Kyousou Giga (TV),"['Adventure', ' Comedy', ' Fantasy', ' Sci-Fi', ' Shounen']",Movie,1,7.09
25517,Magic Kaito 1412,"['Action', ' Adventure', ' Comedy', ' Mystery', ' Shounen']",Movie,1,7.09
31764,Nejimaki Seirei Senki: Tenkyou no Alderamin,"['Fantasy', ' Kids', ' Magic', ' Shoujo']",Movie,1,7.09
27775,Plastic Memories,"['Comedy', ' Kids', ' Supernatural']",Movie,1,7.10
21339,Psycho-Pass Movie,"['Drama', ' Historical']",Movie,1,7.08
2104,Seto no Hanayome,"['Drama', ' Fantasy', ' Kids', ' Music']",Movie,1,7.08
24893,Sidonia no Kishi: Daikyuu Wakusei Seneki,"['Action', ' Adventure', ' Historical']",Movie,1,7.08
2150,Tanoshii Muumin Ikka,"['Drama', ' Psychological', ' Thriller']",Movie,1,7.08
12445,Tasogare Otome x Amnesia,"['Fantasy', ' Kids']",Movie,1,7.08
543,Vampire Hunter D (2000),"['Drama', ' Romance', ' Sports']",Movie,1,7.08
23225,Yuru Yuri Nachuyachumi!,"['Action', ' Adventure', ' Comedy', ' Drama', ' Romance', ' Sci-Fi']",Movie,1,7.08
9252,Break Blade 3: Kyoujin no Ato,"['Comedy', ' Ecchi', ' Kids', ' School', ' Shounen', ' Slice of Life']",Movie,1,7.07
12893,Danshi Koukousei no Nichijou Specials,"['Comedy', ' Ecchi', ' Kids', ' School', ' Shounen', ' Slice of Life']",Movie,1,7.07
1505,Detective Conan Movie 09: Strategy Above the Depths,"['Adventure', ' Sci-Fi', ' Shounen']",Movie,1,7.07
4447,Detective Conan Movie 12: Full Score of Fear,"['Adventure', ' Demons', ' Fantasy', ' Historical']",Movie,1,7.07
317,Final Fantasy VII: Advent Children,"['Adventure', ' Fantasy', ' Historical', ' Martial Arts', ' Supernatural']",Movie,1,7.08
22265,Free!: Eternal Summer,"['Action', ' Adventure', ' Sci-Fi', ' Shounen', ' Super Power']",Movie,1,7.06
13117,Hakuouki Movie 1: Kyoto Ranbu,"['Comedy', ' Ecchi', ' Kids', ' School']",Movie,1,7.05
9563,Hidamari Sketch x ☆☆☆ Specials,"['Action', ' Adventure', ' Comedy', ' Fantasy', ' Shounen', ' Super Power']",Movie,1,7.05
16904,K: Missing Kings,"['Action', ' Adventure', ' Comedy', ' Drama', ' Mecha', ' Music', ' Sci-Fi', ' Shounen']",Movie,1,7.05
97,Last Exile,"['Adventure', ' Fantasy', ' Kids']",Movie,1,7.05
20517,Little Busters!: EX,"['Adventure', ' Comedy', ' Drama', ' Fantasy', ' Kids']",Movie,1,7.05
2273,Mobile Suit Gundam Wing: Endless Waltz Movie,"['Adventure', ' Sci-Fi', ' Shounen']",Movie,1,7.05
1735,Naruto: Shippuuden,"['Adventure', ' Comedy', ' Fantasy', ' Game', ' Shounen']",Movie,1,7.05
20159,Pokemon: The Origin,"['Comedy', ' Kids', ' Shounen']",Movie,1,7.04
12403,Yuru Yuri♪♪,"['Adventure', ' Fantasy', ' Horror', ' Sci-Fi', ' Supernatural']",Movie,3,7.04
7044,Zan Sayonara Zetsubou Sensei Bangaichi,"['Adventure', ' Comedy', ' Fantasy', ' Kids']",Movie,1,7.04
31646,3-gatsu no Lion,"['Action', ' Comedy', ' Fantasy', ' Magic', ' Music', ' Shoujo']",Movie,1,7.04
32998,91 Days,"['Historical', ' Psychological', ' Sci-Fi']",Movie,1,7.04
30123,Akagami no Shirayuki-hime,"['Comedy', ' Fantasy', ' Kids', ' Sci-Fi', ' Shounen']",Movie,1,7.04
31339,Drifters,"['Drama', ' Military', ' Sci-Fi', ' Space']",Movie,1,7.04
2890,Gake no Ue no Ponyo,"['Action', ' Military', ' Sci-Fi']",Movie,1,7.04
468,Ghost in the Shell 2: Innocence,"['Action', ' Game', ' Romance', ' School', ' Sci-Fi']",Movie,1,7.03
29755,Haikyuu!! Movie 1: Owari to Hajimari,"['Action', ' Adventure', ' Comedy', ' Fantasy', ' Sci-Fi', ' Shounen', ' Super Power']",Movie,1,7.03
25303,Haikyuu!! OVA,"['Drama', ' Psychological', ' Seinen', ' Thriller']",Movie,1,7.03
24471,Hoozuki no Reitetsu OVA,"['Adventure', ' Drama', ' Historical', ' Romance']",Movie,1,7.03
516,Keroro Gunsou,"['Adventure', ' Drama', ' Fantasy', ' Sci-Fi']",Movie,1,7.02
1425,Lupin III: Part II,"['Action', ' Shounen', ' Sports']",Movie,1,7.02
5310,Macross F Movie 1: Itsuwari no Utahime,"['Adventure', ' Comedy', ' Drama', ' Fantasy', ' Shounen']",Movie,1,7.02
93,Mobile Suit Gundam Seed,"['Horror', ' Psychological', ' Supernatural']",Movie,1,7.02
8038,Nodame Cantabile Finale Special,"['Action', ' Adventure', ' Drama', ' Fantasy', ' Kids']",Movie,1,7.02
322,Paradise Kiss,"['Action', ' Adventure', ' Comedy', ' Mecha', ' Sci-Fi', ' Super Power']",Movie,1,7.02
6154,Saint Seiya: The Hades Chapter Sanctuary - Yomigaerishi Gold Saint-tachi no Shinwa,"['Action', ' Adventure', ' Mecha', ' Sci-Fi']",Movie,1,7.01
7588,Saraiya Goyou,"['Horror', ' Supernatural', ' Vampire']",Movie,1,7.01
10083,Shiki Specials,"['Adventure', ' Drama', ' Mystery', ' Slice of Life']",Movie,1,7.01
1172,Slayers Try,"['Action', ' Adventure', ' Sci-Fi', ' Space']",Movie,1,7.01
31711,To LOVE-Ru Darkness 2nd Specials,"['Drama', ' Fantasy', ' Romance']",Movie,1,7.01
2265,Transformers the Movie,"['Drama', ' School', ' Sports']",Movie,1,7.01
23249,Uchuu Senkan Yamato 2199: Hoshimeguru Hakobune,"['Drama', ' Historical', ' Slice of Life']",Movie,1,7.00
202,Wolfs Rain,"['Action', ' Shounen', ' Sports']",Movie,1,7.00
30370,Akatsuki no Yona OVA,"['Mystery', ' Shounen']",Movie,1,7.00
9919,Ao no Exorcist,"['Action', ' Fantasy']",Movie,1,7.00
1818,Claymore,"['Adventure', ' Comedy', ' Fantasy', ' Sci-Fi', ' Shounen']",Movie,1,6.99
34036,Detective Conan: Episode One - Chiisaku Natta Meitantei,"['Drama', ' Sci-Fi']",Movie,1,6.99
10090,Ghost in the Shell: Stand Alone Complex - Solid State Society 3D,"['Comedy', ' Police']",Movie,1,6.99
17895,Golden Time,"['Drama', ' Magic', ' Psychological', ' Thriller']",Movie,1,6.99
1824,Hadashi no Gen,"['Adventure', ' Comedy', ' Drama', ' Fantasy', ' Shounen', ' Supernatural']",Movie,1,6.99
4192,Hayate no Gotoku!!,"['Drama', ' Romance', ' Sports']",Movie,1,6.99
10357,Jinrui wa Suitai Shimashita,"['Action', ' Adventure', ' Comedy', ' Drama', ' Romance', ' Sci-Fi']",Movie,1,6.99
19489,Little Witch Academia: Mahoujikake no Parade,"['Adventure', ' Supernatural']",Movie,1,6.98
4472,Lucky☆Star: Original na Visual to Animation,"['Comedy', ' Fantasy', ' Magic', ' Shoujo']",Movie,1,6.98
19613,New Initial D Movie: Legend 1 - Kakusei,"['Shounen', ' Sports', ' Super Power']",Movie,1,6.97
5530,Pandora Hearts,"['Adventure', ' Fantasy', ' Kids']",Movie,1,6.97
6591,Rurouni Kenshin DVD-BOX Special Ending,"['Action', ' Adventure', ' Comedy']",Movie,1,6.97
10218,Berserk: Ougon Jidai-hen I - Haou no Tamago,"['Action', ' Shounen', ' Sports']",Movie,1,6.96
388,Capeta,"['Comedy', ' Ecchi', ' Kids', ' School', ' Shounen', ' Slice of Life']",Movie,1,6.96
28999,Charlotte,"['Drama', ' Romance', ' School', ' Shoujo', ' Sports']",Movie,1,6.95
1473,City Hunter 91,"['Drama', ' Mecha', ' Military', ' Romance', ' Sci-Fi']",Movie,1,6.95
1379,Kino no Tabi: Nanika wo Suru Tame ni - Life Goes On.,"['Action', ' Adventure']",Movie,1,6.95
23293,Lupin the IIIrd: Jigen Daisuke no Bohyou,"['Adventure', ' Drama', ' Fantasy', ' Sci-Fi']",Movie,1,6.94
1910,Master Keaton OVA,"['Adventure', ' Comedy', ' Drama', ' Fantasy', ' Kids']",Movie,1,6.94
33221,Mobile Suit Gundam Thunderbolt: December Sky,"['Adventure', ' Fantasy', ' Kids']",Movie,1,6.94
18897,Nisekoi,"['Action', ' Adventure', ' Sci-Fi', ' Space']",Movie,1,6.94
31592,Pokemon XY Z,"['Adventure', ' Comedy', ' Mecha', ' Sci-Fi']",Movie,1,6.93
31380,To LOVE-Ru Darkness 2nd OVA,"['Drama', ' Fantasy', ' Mecha']",Movie,1,6.93
28677,Yamada-kun to 7-nin no Majo (TV),"['Comedy', ' Ecchi', ' Kids', ' School', ' Shounen', ' Slice of Life']",Movie,1,6.93
7193,Aoi Bungaku Series,"['Fantasy', ' Kids', ' Magic', ' Shoujo']",Movie,1,6.93
1961,Arashi no Yoru ni,"['Adventure', ' Comedy', ' Fantasy', ' Kids', ' Sci-Fi', ' Shounen']",Movie,1,6.93
21405,Bokura wa Minna Kawaisou,"['Adventure', ' Comedy', ' Fantasy', ' Sci-Fi', ' Shounen']",Movie,1,6.93
6024,Chis Sweet Home: Atarashii Ouchi,"['Fantasy', ' Kids', ' Magic', ' Shoujo']",Movie,1,6.93
2761,Densetsu Kyojin Ideon: Hatsudou-hen,"['Action', ' Adventure', ' Drama', ' Military', ' Seinen']",Movie,1,6.93
1491,Ginga Tetsudou 999,"['Action', ' Horror', ' School', ' Shounen', ' Supernatural']",Movie,1,6.93
106,Hana yori Dango,"['Action', ' Mecha', ' Shounen']",Movie,1,6.93
5835,Hanasakeru Seishounen,"['Adventure', ' Drama', ' Sci-Fi']",Movie,1,6.93
3604,Hidamari Sketch x 365,"['Adventure', ' Comedy', ' Drama', ' Fantasy', ' Kids']",Movie,1,6.93
11237,Hidamari Sketch x SP,"['Mecha', ' Police', ' Sci-Fi']",Movie,1,6.92
2828,Ie Naki Ko,"['Adventure', ' Comedy', ' Drama', ' Fantasy', ' Kids']",Movie,1,6.92
4087,Michiko to Hatchin,"['Comedy', ' Ecchi', ' Kids', ' Shounen']",Movie,1,6.91
28881,New Initial D Movie: Legend 2 - Tousou,"['Comedy', ' Kids', ' Shounen', ' Space']",Movie,1,6.91
21473,Persona 3 the Movie 2: Midsummer Knights Dream,"['Adventure', ' Comedy', ' Horror', ' School', ' Shounen', ' Supernatural']",Movie,1,6.91
582,Sexy Commando Gaiden: Sugoiyo!! Masaru-san,"['Comedy', ' Kids']",Movie,2,6.91
8311,Tegamibachi Reverse,"['Comedy', ' Slice of Life', ' Supernatural']",Movie,1,6.91
21995,Ao Haru Ride,"['Action', ' Comedy']",Movie,1,6.90
532,Bishoujo Senshi Sailor Moon S,"['Action', ' Horror', ' Sci-Fi']",Movie,1,6.90
552,Digimon Adventure,"['Action', ' Comedy', ' Drama', ' Mecha', ' Psychological', ' Sci-Fi', ' Shounen', ' Space']",Movie,1,6.90
13629,Furiko,"['Adventure', ' Magic', ' Supernatural']",Movie,1,6.90
7645,Heartcatch Precure!,"['Drama', ' Mecha', ' Military', ' Sci-Fi', ' Space']",Movie,1,6.90
249,InuYasha,"['Action', ' Shounen', ' Sports']",Movie,1,6.89
4886,InuYasha: Kuroi Tessaiga,"['Adventure', ' Comedy', ' Fantasy', ' Sci-Fi', ' Shounen']",Movie,1,6.89
451,InuYasha: Tenka Hadou no Ken,"['Fantasy', ' Kids', ' Magic', ' Shoujo']",Movie,1,6.89
9734,K-On!!: Keikaku!,"['Comedy', ' Ecchi', ' Harem', ' Sci-Fi', ' Shounen', ' Supernatural']",Movie,1,6.89
433,"""Kumo no Mukou","['Action', ' Military', ' Sci-Fi']",Movie,1,6.89
6115,Lupin III vs. Detective Conan,"['Adventure', ' Fantasy', ' Music']",Movie,1,6.89
80,Mobile Suit Gundam,"['Action', ' Shounen', ' Sports']",Movie,1,6.88
1092,Mobile Suit Gundam III: Encounters in Space,"['Comedy', ' Ecchi', ' Kids', ' School', ' Shounen', ' Slice of Life']",Movie,1,6.88
20767,Noragami OVA,"['Adventure', ' Demons', ' Fantasy', ' Magic', ' Shounen']",Movie,1,6.88
10119,Seitokai Yakuindomo OVA,"['Dementia', ' Drama', ' Historical', ' Psychological']",Movie,1,6.88
1921,Urusei Yatsura Movie 2: Beautiful Dreamer,"['Action', ' Adventure', ' Mecha', ' Sci-Fi', ' Space']",Movie,1,6.88
1562,Yamato Nadeshiko Shichihenge♥,"['Action', ' Drama', ' Sci-Fi', ' Space']",Movie,1,6.87
11111,Another,"['Historical', ' Slice of Life']",Movie,1,6.87
32863,Ansatsu Kyoushitsu (TV) 2nd Season: Kagaijugyou-hen,"['Adventure', ' Comedy', ' Fantasy', ' Kids', ' Sci-Fi', ' Shounen']",Movie,1,6.87
11737,Ao no Exorcist Movie,"['Comedy', ' Kids', ' Shounen']",Movie,1,6.86
28249,Arslan Senki (TV),"['Adventure', ' Drama', ' Fantasy']",Movie,1,6.86
13535,Binbougami ga!,"['Action', ' Comedy', ' Ecchi', ' Sci-Fi']",Movie,1,6.86
28121,Dungeon ni Deai wo Motomeru no wa Machigatteiru Darou ka,"['Comedy', ' Fantasy', ' Kids']",Movie,1,6.86
30191,Durarara!!x2 Shou: Watashi no Kokoro wa Nabe Moyou,"['Mecha', ' Military', ' Sci-Fi', ' Space']",Movie,1,6.86
10497,Hetalia World Series Specials,"['Action', ' Adventure', ' Cars', ' Sci-Fi']",Movie,1,6.86
6862,K-On!: Live House!,"['Comedy', ' Ecchi', ' Kids', ' School', ' Shounen', ' Slice of Life']",Movie,1,6.85
251,Kyou kara Maou!,"['Action', ' Adventure', ' Cars', ' Comedy', ' Sci-Fi', ' Shounen']",Movie,1,6.85
18153,Kyoukai no Kanata,"['Adventure', ' Comedy']",Movie,1,6.85
875,Mind Game,"['Comedy', ' Shounen']",Movie,1,6.85
795,Oniisama e...,"['Action', ' School', ' Sci-Fi', ' Super Power']",Movie,1,6.85
18397,Shingeki no Kyojin OVA,"['Action', ' Comedy', ' Martial Arts', ' School', ' Shounen']",Movie,1,6.85
29830,Tamayura: Sotsugyou Shashin Part 3 - Akogare,"['Adventure', ' Drama', ' Mecha', ' Sci-Fi']",Movie,1,6.85
16870,The Last: Naruto the Movie,"['Action', ' Drama', ' Mecha', ' Military', ' Sci-Fi', ' Space']",Movie,1,6.85
479,The Law of Ueki,"['Drama', ' Shoujo', ' Slice of Life']",Movie,1,6.84
15197,Code Geass: Boukoku no Akito 2 - Hikisakareshi Yokuryuu,"['Adventure', ' Fantasy', ' Sci-Fi', ' Shounen']",Movie,1,6.84
32189,Danganronpa 3: The End of Kibougamine Gakuen - Mirai-hen,"['Fantasy', ' Kids', ' Romance']",Movie,1,6.84
31859,Hai to Gensou no Grimgar,"['Adventure', ' Comedy', ' Kids']",Movie,1,6.84
15451,High School DxD New,"['Historical', ' Supernatural']",Movie,1,6.84
33446,Huyao Xiao Hongniang: Yue Hong,"['Adventure', ' Historical', ' Romance']",Movie,1,6.83
570,Jin-Rou,"['Action', ' Comedy', ' Fantasy', ' Magic', ' Shoujo']",Movie,1,6.83
5680,K-On!,"['Fantasy', ' Kids']",Movie,1,6.83
2175,Kino no Tabi: The Beautiful World - Byouki no Kuni - For You,"['Drama', ' Shoujo']",Movie,1,6.83
1887,Lucky☆Star,"['Action', ' Sci-Fi']",Movie,1,6.83
90,Mobile Suit Gundam Wing,"['Action', ' Adventure', ' Comedy', ' Shounen']",Movie,1,6.83
91,Mobile Suit Gundam Wing: Endless Waltz,"['Adventure', ' Cars', ' Shounen', ' Sports']",Movie,1,6.82
2594,Piano no Mori,"['Adventure', ' Comedy', ' Horror', ' School', ' Shounen', ' Supernatural']",Movie,1,6.82
210,Ranma ½,"['Action', ' Adventure', ' Comedy', ' Shounen']",Movie,1,6.82
1007,Ranma ½ OVA,"['Comedy', ' Mecha', ' Police', ' Sci-Fi']",Movie,1,6.82
19775,Sidonia no Kishi,"['Fantasy', ' Slice of Life']",Movie,1,6.82
534,Slayers,"['Action', ' Adventure', ' Drama', ' Military', ' Sci-Fi', ' Space']",Movie,1,6.82
9790,Sora no Otoshimono: Tokeijikake no Angeloid,"['Drama', ' Music', ' Romance']",Movie,1,6.81
2582,Soukou Kihei Votoms,"['Drama', ' Shoujo', ' Slice of Life']",Movie,1,6.81
407,Tantei Gakuen Q,"['Drama', ' Historical', ' Slice of Life']",Movie,1,6.81
6213,Toaru Kagaku no Railgun,"['Music', ' Shoujo', ' Sports']",Movie,1,6.81
1000,Uchuu Kaizoku Captain Harlock,"['Music', ' Shoujo']",Movie,1,6.81
1375,Watashi no Ashinaga Ojisan,"['Adventure', ' Military', ' Sci-Fi', ' Shounen']",Movie,1,6.81
8514,Break Blade 2: Ketsubetsu no Michi,"['Action', ' Mecha', ' Romance', ' Shounen']",Movie,1,6.81
951,Chibi Maruko-chan,"['Action', ' Fantasy', ' Martial Arts', ' Sci-Fi', ' Supernatural']",Movie,1,6.81
12117,Detective Conan Movie 16: The Eleventh Striker,"['Adventure', ' Comedy', ' Kids']",Movie,1,6.81
2508,Genshiken 2,"['Adventure', ' Comedy', ' Fantasy', ' Kids', ' Shounen']",Movie,1,6.80
19115,Giovanni no Shima,"['Shounen', ' Sports']",Movie,1,6.80
6904,Hellsing I: Digest for Freaks,"['Adventure', ' Drama', ' Slice of Life']",Movie,1,6.80
22125,Kuroko no Basket: Mou Ikkai Yarimasen ka,"['Drama', ' Fantasy', ' Kids']",Movie,1,6.80
4454,Macross F: Close Encounter - Deculture Edition,"['Adventure', ' Comedy', ' Romance', ' Shoujo', ' Shounen Ai']",Movie,1,6.80
32547,Non Non Biyori Repeat OVA,"[' Sweets', ' Strange?', 'Fantasy']",Movie,1,6.80
15959,Nurarihyon no Mago OVA,"['Action', ' Drama', ' Shounen', ' Sports']",Movie,1,6.79
16239,One Piece: Episode of Luffy - Hand Island no Bouken,"['Action', ' Comedy', ' Drama', ' Martial Arts', ' Romance', ' Samurai']",Movie,1,6.79
31772,One Punch Man Specials,"['Fantasy', ' Harem', ' Romance', ' Shoujo']",Movie,1,6.79
396,Seikai no Senki,"['Adventure', ' Comedy', ' Fantasy', ' Kids']",Movie,1,6.79
8407,Sora no Otoshimono: Forte,"['Action', ' Demons', ' Fantasy', ' Super Power']",Movie,1,6.78
20057,Space☆Dandy,"['Action', ' Drama', ' Fantasy', ' Mecha', ' Sci-Fi']",Movie,1,6.78
9074,Arakawa Under the Bridge x Bridge,"['Demons', ' Historical']",Movie,1,6.78
7305,Detective Conan Movie 10: Promo Special,"['Drama', ' Sci-Fi', ' Space']",Movie,1,6.78
226,Elfen Lied,"['Comedy', ' Fantasy']",Movie,1,6.78
644,Hachimitsu to Clover Specials,"['Comedy', ' Sci-Fi', ' Seinen', ' Slice of Life']",Movie,1,6.79
15117,Kami nomi zo Shiru Sekai: Tenri-hen,"['Comedy', ' Dementia', ' Psychological', ' Sci-Fi']",Movie,1,6.78
10460,Kimi to Boku.,"['Comedy', ' Ecchi', ' Kids', ' School', ' Shounen', ' Slice of Life']",Movie,1,6.77
6050,Mahou Sensei Negima! Mou Hitotsu no Sekai,"[' Momotarou no Nanna no Sa', 'Adventure', ' Fantasy', ' Kids', ' Sci-Fi', ' Shounen']",Movie,1,6.77
444,Maria-sama ga Miteru: Haru,"['Action', ' Adventure', ' Fantasy', ' Magic', ' Shounen']",Movie,1,6.77
82,Mobile Suit Gundam 0080: War in the Pocket,"['Action', ' Mecha', ' Sci-Fi', ' Shounen']",Movie,1,6.77
15315,Mondaiji-tachi ga Isekai kara Kuru Sou Desu yo?,"['Action', ' Adventure', ' Fantasy', ' Kids']",Movie,1,6.77
30347,Nanatsu no Taizai OVA,"['Action', ' Adventure', ' Mecha', ' Sci-Fi']",Movie,1,6.76
31704,One Punch Man: Road to Hero,"['Drama', ' Fantasy', ' Kids']",Movie,1,6.76
1699,Romeo x Juliet,"['Action', ' Drama', ' Fantasy', ' Romance']",Movie,1,6.76
517,School Rumble Ichi Gakki Hoshuu,"['Adventure', ' Historical', ' Shoujo', ' Slice of Life']",Movie,1,6.75
29829,Tamayura: Sotsugyou Shashin Part 2 - Hibiki,"['Action', ' Adventure', ' Drama', ' Martial Arts', ' Romance', ' Shounen']",Movie,1,6.75
30868,Ajin Part 1: Shoudou,"['Adventure', ' Drama', ' Sci-Fi']",Movie,1,6.75
22199,Akame ga Kill!,"['Adventure', ' Fantasy', ' Kids']",Movie,1,6.75
14941,AKB0048: Next Stage,"['Fantasy', ' Kids']",Movie,1,6.75
978,Change!! Getter Robo: Sekai Saigo no Hi,"['Drama', ' Historical']",Movie,1,6.74
2994,Death Note Rewrite,"['Action', ' Mecha', ' Military', ' Police', ' Sci-Fi']",Movie,1,6.74
14735,Detective Conan Movie 17: Private Eye in the Distant Sea,"['Comedy', ' Sci-Fi', ' Shounen']",Movie,1,6.73
10350,Hakuouki Sekkaroku,"['Adventure', ' Historical', ' Martial Arts', ' Samurai', ' Supernatural']",Movie,1,6.73
20431,Hoozuki no Reitetsu,"['Adventure', ' Comedy', ' Mystery']",Movie,1,6.73
15487,Kuroko no Basket NG-shuu,"['Drama', ' Historical', ' Slice of Life']",Movie,1,6.72
1462,Memories,"['Action', ' Adventure', ' Comedy', ' Fantasy', ' Shounen']",Movie,1,6.72
13667,Naruto: Shippuuden Movie 6 - Road to Ninja,"['Comedy', ' Sci-Fi', ' Shounen']",Movie,1,6.72
28927,Owari no Seraph: Nagoya Kessen-hen,"['Comedy', ' Sci-Fi', ' Shounen']",Movie,1,6.72
398,Seikai no Senki III,"['Action', ' Adventure', ' Fantasy', ' Magic', ' Shounen']",Movie,1,6.72
20847,Seitokai Yakuindomo*,"['Drama', ' Historical', ' Romance']",Movie,1,6.72
2451,Space Cobra,"['Adventure', ' Drama', ' Fantasy', ' Historical', ' Shounen']",Movie,1,6.72
8937,Toaru Majutsu no Index II,"['Adventure', ' Fantasy', ' Kids']",Movie,1,6.72
12883,Tsuritama,"['Comedy', ' Fantasy', ' Kids']",Movie,1,6.72
30413,Yowamushi Pedal Movie,"['Action', ' Drama', ' Mecha', ' Military', ' Sci-Fi', ' Space']",Movie,1,6.72
30902,Yuru Yuri Nachuyachumi!+,"['Action', ' Adventure', ' Comedy', ' Sci-Fi', ' Shounen', ' Sports']",Movie,1,6.71
6347,Baka to Test to Shoukanjuu,"['Adventure', ' Comedy', ' Fantasy', ' Kids']",Movie,1,6.71
3841,Chis Sweet Home,"['Action', ' Drama', ' Fantasy', ' Romance', ' Sci-Fi']",Movie,1,6.71
8086,Densetsu no Yuusha no Densetsu,"['Action', ' Adventure', ' Mecha', ' Military', ' Sci-Fi', ' Space']",Movie,1,6.70
9982,Fairy Tail OVA,"['Action', ' Fantasy', ' Sci-Fi']",Movie,1,6.70
1888,Ichigo Mashimaro OVA,"['Adventure', ' Comedy', ' Fantasy', ' Kids', ' Music']",Movie,1,6.70
1096,Mobile Police Patlabor 2: The Movie,"['Mecha', ' Sci-Fi']",Movie,1,6.70
14407,Persona 3 the Movie 1: Spring of Birth,"['Drama', ' Shoujo', ' Slice of Life']",Movie,1,6.69
1719,Rozen Maiden: Ouvertüre,"['Adventure', ' Drama', ' Fantasy', ' Music']",Movie,1,6.69
290,Seikai no Monshou,"['Action', ' Drama', ' Martial Arts', ' Shounen', ' Super Power']",Movie,1,6.69
154,Shaman King,"['Action', ' Mecha', ' Military', ' Police', ' Sci-Fi']",Movie,1,6.68
11757,Sword Art Online,"['Drama', ' Fantasy', ' Mystery']",Movie,1,6.68
5074,Tetsuwan Birdy Decode:02,"['Comedy', ' Martial Arts']",Movie,1,6.68
31733,Bishoujo Senshi Sailor Moon Crystal Season III,"['Action', ' Adventure', ' Comedy', ' Drama', ' Fantasy', ' Kids']",Movie,1,6.68
1690,Bokurano,"['Adventure', ' Comedy', ' Fantasy', ' Kids']",Movie,1,6.68
4177,Bounen no Xamdou,"['Adventure', ' Fantasy', ' Kids']",Movie,1,6.68
10092,Break Blade 6: Doukoku no Toride,"['Adventure', ' Comedy', ' Kids']",Movie,1,6.68
9785,Detective Conan: Conan vs. Kid - Shark  Jewel,"['Action', ' Drama', ' Fantasy', ' Horror', ' Magic', ' Sci-Fi', ' Supernatural']",Movie,1,6.68
985,Dragon Ball Z Special 2: Zetsubou e no Hankou!! Nokosareta Chousenshi - Gohan to Trunks,"['Adventure', ' Comedy', ' Fantasy', ' Game']",Movie,1,6.68
18055,Hakkenden: Touhou Hakken Ibun 2nd Season,"['Drama', ' Historical', ' Slice of Life']",Movie,1,6.67
6984,Hidamari Sketch x 365 Specials,"['Comedy', ' Shounen']",Movie,1,6.67
27991,K: Return of Kings,"['Adventure', ' Demons', ' Fantasy']",Movie,1,6.67
21659,Kill la Kill Special,"['Comedy', ' Sci-Fi']",Movie,1,6.66
3545,Kochira Katsushikaku Kameari Kouenmae Hashutsujo (TV),"['Action', ' Adventure', ' Comedy', ' Fantasy', ' Kids']",Movie,1,6.65
474,Macross Plus,"['Adventure', ' Drama', ' Kids', ' Slice of Life']",Movie,1,6.66
1211,Macross Plus Movie Edition,"['Mecha', ' Sci-Fi']",Movie,1,6.66
9510,Mitsudomoe Zouryouchuu!,"['Comedy', ' Dementia', ' Fantasy']",Movie,1,6.65
5751,Prince of Tennis: Another Story - Messages From Past and Future,"['Action', ' Sci-Fi', ' Super Power']",Movie,1,6.65
3515,Saint Seiya: Meiou Hades Elysion-hen,"['Shounen', ' Sports']",Movie,1,6.65
13663,To LOVE-Ru Darkness,"['Adventure', ' Comedy', ' Fantasy', ' Kids']",Movie,1,6.65
13851,To LOVE-Ru Darkness OVA,"['Adventure', ' Fantasy', ' Sci-Fi', ' Shounen']",Movie,1,6.65
6956,Working!!,"['Action', ' Mecha', ' Sci-Fi', ' Space']",Movie,1,6.65
9441,Yume-iro Pâtissière SP Professional,"['Adventure', ' Shounen']",Movie,1,6.64
233,Daa! Daa! Daa!,"['Action', ' Adventure', ' Sci-Fi']",Movie,1,6.64
2397,Digimon Adventure: Bokura no War Game!,"['Action', ' Demons', ' Supernatural']",Movie,1,6.64
345,Eikoku Koi Monogatari Emma,"['Action', ' Comedy', ' Fantasy', ' Magic', ' Shoujo']",Movie,1,6.63
71,Full Metal Panic!,"['Adventure', ' Mecha', ' Space']",Movie,1,6.63
10793,Guilty Crown,"['Adventure', ' Comedy', ' Fantasy']",Movie,1,6.63
9760,Hoshi wo Ou Kodomo,"['Action', ' Comedy', ' Shounen', ' Sports']",Movie,1,6.63
160,"""Ima","['Adventure', ' Drama', ' Magic']",Movie,1,6.63
3713,Jigoku Shoujo Mitsuganae,"['Action', ' Drama', ' Sci-Fi', ' Shounen']",Movie,1,6.63
2593,Kara no Kyoukai 1: Fukan Fuukei,"['Action', ' Dementia', ' Drama', ' Sci-Fi']",Movie,1,6.62
2454,Kimagure Orange☆Road: Ano Hi ni Kaeritai,"['Action', ' Comedy', ' Shounen']",Movie,1,6.62
32380,Kono Subarashii Sekai ni Shukufuku wo! OVA,"['Adventure', ' Kids']",Movie,1,6.62
33263,Kubikiri Cycle: Aoiro Savant to Zaregototsukai,"['Adventure', ' Drama', ' Fantasy', ' Romance']",Movie,1,6.62
13203,Lupin the Third: Mine Fujiko to Iu Onna,"['Comedy', ' Drama', ' School', ' Shounen', ' Sports']",Movie,1,6.62
